id,source,rating,title,text,date,language
play-2d443bd402b16c9e,play,1.0,,this app not stop loss working and high profit time exist button not working please don't use this app very very worst app dont installed,2026-09-08,en
play-86306a7b3afc4f9a,play,5.0,,simple and easy platform every support customer service,2026-09-08,en
play-ad4b673225e37ddd,play,1.0,,"very bad experience in selling stocks,i cnt sell the stocks , no response from the coustomer service.",2026-09-08,en
play-f6790f19885f692a,play,1.0,,Very worst experience. No support from the customer service. I have sent mail also no reply. I thought of saving in MF's. By this experience I will not invest any. worst app..already mailed no use,2026-09-08,en
play-8cee3121a0090a89,play,1.0,,i am. writing this review after 1 year trading this apps main target is to earn brokerage if I made 500 profit then it charge me of 30% what is it so what's the purpose to use this broker,2026-09-08,en
play-6620a9ccbc999af9,play,5.0,,Stocks Mutual Fund Best Services This App Groww,2026-09-08,en
play-5abfd8a69d3d042a,play,1.0,,"All Indian brothers and sisters please be aware that Groww is a big fraud company. They are tied up with some bogus companies and recommending their shares to us. I purchased shares from three different companies as per their recommendations and I lost Rs. 10 lacs due to their fraudulent practices. How can they recommend us to buy some new, unrecognised, and bogus companies who are there to steal our money by internal share price movements. Please stay away from this biggest fraud company.",2026-09-08,en
play-ee670a25da3855da,play,1.0,,"worst , only grow will grow not ur money",2026-09-08,en
play-a9b72669e310713d,play,1.0,,Groww is a fraudulent company. It only exploits its customers and takes their money in the name of rules and regulations.,2026-09-08,en
play-68ef3ef78937b822,play,1.0,,Unable to log in for the last few days. It keeps showing: “Your journey reset is in progress. Try again.” Please fix this issue.,2026-09-07,en
play-0239129bed6bff2f,play,5.0,,very fast and clear out put app it,2026-09-07,en
play-0efa64d417e6d38b,play,1.0,,"I am concerned about the high brokerage charges for F&O trading on Groww. The brokerage cost becomes quite significant, especially for frequent option traders and small-volume trades. Please review your F&O brokerage charges and consider reducing them or introducing a zero/low-brokerage plan for F&O traders. Competitive brokerage charges would make Groww much more attractive for active traders. Kindly consider this feedback and let me know if there are any lower-brokerage plans currently avail",2026-09-07,en
play-321649fd9222fea6,play,1.0,,"Indians usually use initials in aadhar & full name in pan..aadhar and pan linked successfully with IT dept, then what is the problem with your server says name mismatch in aadhar and pan. so, i opened account in Angel one through online which was hassle free..I also have in IIFL & kite. update your server to accept the minor variation in initials & expansions in names. However, i cant update aadhar anymore its a time waste process as it will cause lot of problems which linked to other accounts.",2026-09-07,en
play-e710ebe0b02a6313,play,5.0,,this is a good app i like is app,2026-09-07,en
play-2a9b04a7f0d4916a,play,5.0,,"plz provide a separate news tab for all news. inside News do separate stock news, global news, national News etc.",2026-09-07,en
play-3b12514e0d3aeef1,play,2.0,,"loss due to miss click, please place the buy at market price / sell at market price button somewhere else instead of just below the name of stock/share.. many time when someone want to click on name of stock, they click the buy sell button",2026-09-07,en
play-6daa6107e606459f,play,1.0,,"All profile enjoying GROWW it self, Dot use this app as never suggested. We investing to earn but they have very heavy charges, so please use othe budget Freindly platform. I don't know and really surprised how the Rating is so high even though other platforms providing best services at reasonable rate",2026-09-07,en
play-1c6848dc60bf7ce9,play,5.0,,pls change for upi please change for the upi method it's very trouble for me why for the changing a wallet recharge method for internet banking,2026-09-07,en
play-afd610093f828f40,play,5.0,,bhut accha h aap isme groww krta h,2026-09-07,en
play-3fe9c62aee9e8baf,play,1.0,,"I am extremely dissatisfied with my experience with Groww. Personally, I would not recommend this app to anyone for investing their hard-earned money. I have faced repeated issues while using Groww, whether related to stocks, payments, money, or other services. My overall experience has been extremely frustrating and disappointing. I have personally had such a bad experience with this app that I no longer feel comfortable keeping my money here. Based on my own experience, I would strong",2026-09-07,en
play-7c50fc246660666c,play,3.0,,It was very good once but currently it is completely corrupt in the name of loans.,2026-09-07,en
play-f6342fd982f04329,play,1.0,,I am giving half star actually for let updates of chart and shares prices. and too much charges are in option trading. brokerage is ok but external charges without any use and saying GST and bla bla .....wrost experience in grow and thats why grow loosing customers.... and remove that third class scalper mode which is near chain options.,2026-09-07,en
play-335a40ed424d583c,play,1.0,,Lots of glitches are there now-a-days kindly remove that scalper mode button from the left bottom corner,2026-09-07,en
play-1c637bf5fd96fdd7,play,1.0,,"why you guys remove the back button, when we entered the candle stick screen",2026-09-07,en
play-fb97659ca6880ed2,play,3.0,,"Groww app user-experience ke maamle me bahut accha hai, lekin isme abhi tak SLBM (Stock Lending and Borrowing Mechanism) ki facility nahi hai. Long-term investors ke liye apne stocks par extra income earn karne ke liye SLBM ek bahut zaroori feature hai. Zerodha aur baaki doosre bade brokers ye service kaafi samay se de rahe hain.Groww team se request hai ki is feature ko jald se jald add karein.",2026-09-07,en
play-2b8d5c93a900ef2c,play,4.0,,brokerage fees is high but easy to use BTW app is good.,2026-09-07,en
play-ebc378be38c6ab17,play,1.0,,navigation buttons issue. bring back navigation buttons in chart view it's very annoying to go back while on chart or atleast give settings for auto hide navigation buttons or disable it while on chart Please fix the issue of back button,2026-09-07,en
play-1763e79157c796bc,play,1.0,,Very worst experience. I am making calls multiple times to the Customer Support Services of Groww. but they are not responding. I am unable to link my PAN. That's why I am making calls to get the solution and guidance but no response from the team of customer support services of Groww.,2026-09-07,en
play-c940e2fd97ea95dd,play,3.0,,okay so after using it for 3 years it's best app for trading and smooth ui but sometimes it lags or just keeps buffering when markets are at high volatility so it should be improved and now I'm changing my rating because there IPO and f&O pages keep stucking and showing wrong information.,2026-09-07,en
play-196d810806d3d4c8,play,1.0,,very bad experience they have many hidden charges opening and closing is taking too much money as margin..... very bad app👎 other trading platform offers much better charges .. stop taking too much money💸 unnecessarily... try to improve,2026-09-07,en
play-4b5a83d33ab28270,play,5.0,,only drawback of this app is that it does not give to keep two different chart in one screen it should provide this service,2026-09-07,en
play-ca90320c8bdd8a31,play,1.0,,customer support is very bad . Human agents are not replying in chat and there is a very large time of waiting to connect to human on call and there is no option of call back,2026-09-07,en
play-dff84eb991a38e06,play,5.0,,This platform is good for those who want to make a little profit and never be greedy.,2026-09-07,en
play-2f3b0f9ba966b07c,play,5.0,,"The app works fine, but I haven't invested in it yet. Investing in Futures and Options seems like the right move for me, though I plan to do so later; right now, I lack both the full knowledge and the budget.",2026-09-07,en
play-26f8a65f28e469dc,play,5.0,,very helpful for easy analysis and stock exchange,2026-09-07,en
play-43c95c87c272e187,play,5.0,,very very good for invest and withdraw system easy,2026-09-07,en
play-052144da537c8267,play,4.0,,This is so simple app for investment. please add only benchmark comparison on MF.,2026-09-06,en
play-842de562f6b8bdb2,play,5.0,,Super Platform for trading and And Investing Life,2026-09-06,en
play-7afa1e636c2439c6,play,5.0,,No amount of praise is enough for Groww. good good,2026-09-06,en
play-c9eb13de69f3bb2c,play,5.0,,News update and technicals of moving averages indicators are helping to understand about stock.,2026-09-06,en
play-898efa4318d0b9da,play,1.0,,"this app is my SL orders automatically averaged, not to good, Coustemer support very bad",2026-09-06,en
play-37b3df04de77a8aa,play,5.0,,the best for application for the following year old this gold is the best for application for the following year old,2026-09-06,en
play-3bfb2cb01eeca3bd,play,5.0,,bahut hi achcha trending for platform Hai is per badhiya paise Kama sakte hain bharosemand of platform,2026-09-06,en
play-a473d295f6095d7c,play,4.0,,"There is no feature to transaction as a share gift, you have to bring it.",2026-09-06,en
play-0c652cf90a6a44c0,play,1.0,,please dont install this app. whatever you invest in grow it will take brokage charge,2026-09-06,en
play-367a3b67499b6671,play,5.0,,it's a very good app for SIP... I really appreciate it....👏👍,2026-09-05,en
play-53c9f713bae0acb0,play,1.0,,I am.um happy. makingn cheating and gambling. because of this soany middle class family life loss. even me to . I loss around 8 lacs in this grow. I never recd profit last 3 years. Grow never supported me.,2026-09-05,en
play-68c27f42bd71368a,play,5.0,,overall the same rakho contact me at the same time as well as the dark of the day is a good day song of the day is a good day song of the day is a good day song of the day is a good,2026-09-05,en
play-5afcc3d866c03276,play,5.0,,"1) Please include 1 Week and 1 Month return views in the Mutual Fund Dashboard section, in addition to the 1 Day return, to facilitate investment decisions during market declines. 2) When adding family members and selecting relationships, an error occurs. Clearing all data resolves the issue.",2026-09-05,en
play-9f122822497af3b8,play,4.0,,This is great application and I am using for many years. I only feel they should add option for SWP in application itself depending upon the fund value as its currently available in Web version only.,2026-09-05,en
play-dd162deddf4adf81,play,5.0,,grow is best platform I am too excited easily invest an easy deposit I am thank you from grow,2026-09-05,en
play-217fddfbd2a450c1,play,5.0,,"easy console, minimum brokerage and 24/7 customer care service.. I am the one who has been a consistent customer of Groww for the last 6 years and still a lot more to go.",2026-09-05,en
play-05ee0e36df9f1e91,play,5.0,,grow stocks app simple and easy to use .,2026-09-05,en
play-07006474ec1df8be,play,5.0,,there are some tiny annoying bugs and glitches in app,2026-09-05,en
play-4093c344f341f975,play,1.0,,"I started using it a week ago, I found some best features are missing which are available in AngelOne. Example: When setting the target initially after sometime if we want to change the target value we have to modify or cancel the old order. It takes me an additional 15 to 20 seconds to set the new target. In the AngelOne app, we can set the new target value by clicking the position order then set the new target, it will automatically cancel the old target. Groww dev team you have to improve.",2026-09-05,en
play-43a5e7787c9369a6,play,5.0,,good app..Groww app investment ke liye simple aur easy-to-use platform hai. 👍📈,2026-09-05,en
play-c6aac3c40dc0721f,play,5.0,,"one of best app for mutual fund, ipo share",2026-09-05,en
play-783ea0c4230bbfb8,play,1.0,,Worst customer support. never take loans from here specially LAS,2026-09-05,en
play-8ad71c25ee1bd4b2,play,1.0,,"Glitch in app permissions, even with SMS permission revoked it can read your SMS/OTPs without your consent! violation of privacy and security. Be cautious while using. 2. App interface is not upto the mark as compared to other brokers. You need to dig into to open charts, option chain and vice versa- slow process. 3. For MF SIPs, OTPs fail several times",2026-09-05,en
play-42c3dcdde8b33386,play,5.0,,"Investment stock delivery buy charges is big negative compare with other top brokers,i am aslo last some month's change my new investments new broker.",2026-09-05,en
play-4c0bfd26e8062130,play,1.0,,Ghatiya experience hidden charges bahoot hain loot gya mein,2026-09-05,en
play-c51ecf86d130f2bc,play,5.0,,"great experience, providing precise information and ver y easy to understand Abt the stock or anything. Overall very good app to explore the stock market.",2026-09-05,en
play-963ebdf662ceb70c,play,5.0,,"Clean and intuitive interface. Investing in stocks and mutual funds is smooth, fast, and hassle-free. Great app for both beginners and experienced investors!",2026-09-05,en
play-f1bbd268505cc3bf,play,5.0,,awesome but your brokrage charge are very high,2026-09-05,en
play-7e57c1c86f177d47,play,5.0,,India's No 1 trading app. Massive Activity Enrolled.,2026-09-05,en
play-cd005b0a7f93306e,play,1.0,,"If you want to become a debtor, use the Groww app and start trading.",2026-09-05,en
play-7d937285a6f14444,play,5.0,,great apps for trade and all utilities benefits,2026-09-05,en
play-fca2edce8ba9b650,play,5.0,,very nice and user friendly share market app. thank you.,2026-09-05,en
play-45bfb6d7933cd5d5,play,1.0,,You are the biggest app of India but service is worst. Chart is not loading on different time frame on app and in PC too. kindly work on thisat the earliest .,2026-09-04,en
play-ce2e4422dc87c93f,play,1.0,,"🚨 MASSIVE LOOPHOLE & MISLEADING INTERFACE DESIGN! DON'T TRAP YOUR HARD-EARNED MONEY! 🚨 I am a retail investor, and I am writing this to alert millions of long-term investors using this platform. The application interface of Groww (downloaded from Google Play Store) is highly deceptive and uses dangerous ""Dark Patterns"" to mislead users, which can instantly destroy your lifetime savings and generational wealth. THE PROBLEM: Inside the app interface, Groww deliberately segregates and shows you",2026-09-04,en
play-157ef34154dc9f61,play,1.0,,"⭐ 1 Star I have been experiencing several serious issues with the Groww trading platform, particularly with chart accuracy and market data. The chart candles sometimes display incorrect OHLC values, and the Day High and Day Low prices do not always match the actual market data. There are also instances of delayed price updates, chart inconsistencies, and other technical glitches. For an active trader, accurate and synchronized market data is extremely important. Incorrect candle or price informa",2026-09-04,en
play-4b8361301aed29d5,play,5.0,,i think this app India's 🇮🇳 number 1....aap for trading 💐,2026-09-04,en
play-959a002fb375cb82,play,3.0,,"I am using groww app from last 5years, this is first time, last update is not user friendly. please rollback this as soon as possible.",2026-09-04,en
play-68513210d3734dcb,play,1.0,,"fraud app cheat people, don't show libarage amount.",2026-09-04,en
play-2dfd2477c2a89f85,play,1.0,,Please do not use this app. The customer support is not active all responsive.,2026-09-04,en
play-79f981912bffedb7,play,1.0,,The worst trading application ever. there are several glitches in order execution process. the customer service is also not having any idea to resolve the issue.,2026-09-04,en
play-76639d3ad6d8d542,play,5.0,,To continuously grow your investment opt for only Groww App. Thanks.,2026-09-04,en
play-631f88fa75d7ce14,play,1.0,,I am using since launch but groww customer support is degrading day by day . you cannot contact by anyways. they will not reply or receive your call while you wait hours,2026-09-04,en
play-efb73656cfa7cb8c,play,2.0,,"last updated is not user friendly. while going in the chart mode, back button disappearing in bottom left of mobile.",2026-09-04,en
play-15c2cb31e6698285,play,5.0,,app not opening.. saying something went wrong and asking finger print again and again. tried with mpin. asking again same with something went wrong message. During market hours.,2026-09-04,en
play-6664231160a19d0c,play,4.0,,GR-1 AI tool is amazing. The AI chat history deletion option is to be added,2026-09-04,en
play-086c649732896105,play,5.0,,Good but unwanted content are more displayed. Hence required minimum.,2026-09-04,en
play-33f551def4706755,play,5.0,,Easy to complete setup and use. Charges are very less.,2026-09-04,en
play-1838713610454063,play,5.0,,belive ti trade and maintain safe and secure,2026-09-04,en
play-9a377c01288edca2,play,5.0,,Groww platform has the simplest user interface among all available apps. I have been using it since 2019 and it is my most trusted application.,2026-09-04,en
play-25a4d0fb2986fd2c,play,5.0,,real market trailing stoploss and profit adjustment please 🥺,2026-09-04,en
play-d33edcf51f77bec0,play,3.0,,pls show daily profit or loss/ profit loss,2026-09-04,en
play-d192059a6a8dc0c6,play,3.0,,"Daily Updates delayed, need to work on it for fastest update.",2026-09-04,en
play-7402fe8c1208161b,play,1.0,,horrible ui filled with all sorts of nonsense,2026-09-04,en
play-b74110754c818d2e,play,1.0,,why you are not giving facility GTT and oco order at the same time? and the last update when I am showing chart for a stock then back switch not working.,2026-09-03,en
play-facc12088d2a1bf9,play,1.0,,DONT OPEN YOUR ACCOUNT GROWW ARE THE FRAUDSTERS THEY WILL SELL YOUR QUANTITY ON VERY LEAST BASIS PLEASE AVOID GROWW IF YOU ARE GROWW. SHAME ON YOU GROWW PEOPLE,2026-09-03,en
play-0fe7433ede11bef3,play,1.0,,"it's a worth app, taking too much charges any trade and etc problem facing me and other traders",2026-09-03,en
play-bed90434c6cec696,play,5.0,,can I get the privies version....last version indicators i need...pls help me,2026-09-03,en
play-f16bc6be2fd81d21,play,1.0,,"don't install, they sell your data to other companies. and they torture with doing call every minut.",2026-09-03,en
play-cfc132c5dc2783f2,play,3.0,,new updated system is creating some issue as i am facing. F&FO scalping option are coming under the chart when opening in trading view chart and back button is getting auto invisible but while getting back many time scalping option is getting clicked and auto changing to grow chart. it should be resolved as this issue was not in previous update.,2026-09-03,en
play-5cbb2e8818d2e586,play,5.0,,"wonderful, reliable, educative..informative, encouraging.. motivational All Time helping and guiding app",2026-09-03,en
play-47f3d1b1def19c98,play,2.0,,"worst update old version sow good, position fast exit and close option, miss new update is",2026-09-03,en
play-6aef49aea2c186d1,play,5.0,,Groww is best and simple way of doing trading and best feature is F&O Lock Which help me to trade in limit .,2026-09-03,en
play-29f1015b3d2478fd,play,1.0,,"The customer care team is highly unprofessional. Employees like Ansh Agarwal constantly mute and disconnect calls ! Even after sending several emails with proof, the Groww managers/management take absolutely no action. They are clearly biased and protect their staff instead of helping their loyal customers who pay for their services ! Extremely DISAPPOINTING and HUMILIATING experience !! Now they'll immediately respond here asking to write to support@groww.... BUT NOTHING HAPPENS !!",2026-09-03,en
play-dff9cb1873665bc9,play,4.0,,Good demat but brokerage charge high please isko kam kariye Thank you,2026-09-03,en
play-a19993bebb71f089,play,1.0,,Whenever you take trade even if you are correct they will show you in loss. Also when you profit they give you less amount. Soon this app will be a complete loss and shutdown soon.,2026-09-03,en
play-6b01ac6987ed71fe,play,1.0,,verry verry bad application so suks percentage leval verry High,2026-09-03,en
play-f7185c42033fcc9e,play,5.0,,install Install app and use it for sometime,2026-09-03,en
play-d98d024712e98d53,play,3.0,,The app is super friendly for beginners and MF investment but really needs to work on the customer service please put a real human who can listen and help us properly for any issues.,2026-09-03,en
play-e626d8e7ab4e95c0,play,1.0,,About latest update 👎In your android mobile it's difficult to press back button because of automatically going to touch scalping option.,2026-09-03,en
play-ca0ba390833da4e7,play,1.0,,sir pls shift upside this scalper feature from the down side in the chart,2026-09-03,en
play-44bd54b7da377442,play,5.0,,if both target and stop loss be available in delivery trading in the same platform then we may get more profit .,2026-09-03,en
play-7156e7a9090a5e17,play,5.0,,Good app good experience and I need groww dress plz provide plz plz plz,2026-09-03,en
play-048d2a57744b5b9f,play,4.0,,app stuck problem 5min chart not working properly,2026-09-03,en
play-c5158a58cb5cb6e5,play,3.0,,High chrge app design user friendly but charge is very very high buy selling total profit suvaga,2026-09-03,en
play-4ee8f787a7c06dfd,play,1.0,,chor hai sale faltu ke paise cut kr lete pta bhi nhi chalta.. please mt download this app,2026-09-03,en
play-7593dd2e42f4eaa2,play,1.0,,mental punda chat...la scalping on off switch edu bro back switch um anga dhan da irukku touch ayuttu Oder vilunthu 10000 loss da thayolli oluinga atha thukku illana vera broker dha pakkanum,2026-09-03,en
play-b9756d150627a8a1,play,4.0,,"So Far, So Good...!👌👍 Time for Next-Level Features Thanks Groww for listening to user feedback and adding key updates since my last review! To make it top-tier for active traders, please add: * Dynamic Trailing Profit: Automatically trail profits past the target to ride market trends until a reversal, Maximizing Gains💰 * Customizable Algo Trading: A flexible, versatile algo platform to automate custom setups and strategies effortlessly. Looking forward to seeing these implemented soon!",2026-09-03,en
play-199c9c67df657636,play,1.0,,worst customer care that ghosts us if you ask any questions,2026-09-03,en
play-e437e133bef7e0a5,play,1.0,,"1 star is just to get your attention to this matter, will change it later! 1. SmartExit needs an automatic Trailing Stop Loss Option! Please check Fyers for inspiration! 2. Charts loading in mobile app get stuck frequently, any reason or fix to it? 3. Independent CPR indicator and Previous Day High and Previous Day Low, Previous Day Close marking indicator are required. Again, please check Fyers for inspiration! Please reply, if at all do you have any plans for implementing these ? Thanks",2026-09-03,en
play-c07e8f7029d300c1,play,5.0,,gray market premium not available kindly request please add this feature,2026-09-03,en
play-ad595c5c57a03ffe,play,4.0,,it's easy to operate and Nice to use.,2026-09-03,en
play-3bbe58b982ad22eb,play,5.0,,i become a millionaire within a month you guys should try it highly recommend,2026-09-03,en
play-233feda7c277741c,play,5.0,,Add the recently viewed stocks feature again it is very helpful......,2026-09-03,en
play-e376d240e05e9aa9,play,3.0,,please update the app bcoz when we open chart the navigation buttons are disappeared.,2026-09-03,en
play-cca66b9b5f4005ca,play,1.0,,Scalper mode me split screen me index ka chart Move nhi krta hai bs premium ka move krta ye kya glitch hai esko sudharo groww team wale,2026-09-03,en
play-945c2adcabea8309,play,3.0,,order execution takes a lot more time than expected in 2-3 seconds 5 to 6 k loss occurred,2026-09-03,en
play-c17d09ee374571af,play,3.0,,the app is good to use but one thing is very annoying that when you are in trade you can't setup sl and target same on the chart.,2026-09-03,en
play-a814e1524c03489d,play,2.0,,"after update touch is not working specially upper part like search, profile and groww logo not working",2026-09-03,en
play-7e50b4a941137060,play,2.0,,I requested to change minor correction in Demat opening and Aadhar card and PANCARD. The entire process online. Now all Mutual fund houses are going online demat account opening. CERSAI KYC identifier 14 digit column not inserted backend form designers. It avoids prospective clients the trouble of scanning PAN CARD AND Aadhar CARD uploading. Still insisting physical xerox copies to be sent through courier. They routinely reply.,2026-09-03,en
play-a2e99d9b865134ec,play,5.0,,it is a very good broker. groww should start everyday sip. also groww should have their own international Mf.,2026-09-03,en
play-a56c0f25540e6062,play,5.0,,very nice work and Easy Well done Groww,2026-09-03,en
play-c28ff150e2decb30,play,5.0,,very good groww work and all to much,2026-09-03,en
play-9e1e361eaa8109b4,play,1.0,,"all expense ratios are incorrect on Groww. that's not acceptable. For ex, TrustMF Midcap or TrustMF small cap is mentioned 2%, in reality it's 0.45%. Abbakkus Large and Mid 3.5%. Is that a joke?",2026-09-02,en
play-09214fc076677cd5,play,5.0,,2019 nunchi grow account use chestunnanu chala comfortable ga untadhi naaku baga nachindhi,2026-09-02,en
play-f5e531a38eb69818,play,3.0,,App was working fine. after the update the navigation button becomes auto hide on candle page. this is too annoying.,2026-09-02,en
play-3b3106c234ccd37c,play,1.0,,worst customer care service most of the time it took more than 15 min to connect to customer care it always say more than 5 min we will connect you pathetic customer care response,2026-09-02,en
play-4ef4709eb7edf9d2,play,5.0,,I'm using from last years ot really good app and customer care service is fantastic,2026-09-02,en
play-6fc96ff17fe67386,play,1.0,,brokerage charges are so high that i have to move to another peers to save my money from this greedy broker ...!,2026-09-02,en
play-6cfcaca9e616304d,play,1.0,,u guys deserve 5 star but need to learn some features from zerodha ..3.50 pm there is after market transaction which zerodha allows but groww don't allow ...please look into it ...also at pre open of ipo zerodha allow us to place order before 9.38 but groww doesn't,2026-09-02,en
play-cabe1865630c6415,play,4.0,,not happy..After new update scalper option is given down that is very irritating every time. its getting pressed all the time.. pls change its position.,2026-09-02,en
play-3aefd41b1cdf27c2,play,5.0,,Good for a new learners in stock markets.,2026-09-02,en
play-0d0d537ae3331b9a,play,1.0,,share holding pattern pura glt dikhati hai ye app maine screener me check Kiya or yaha check totally different hai. fix this issue ap logo ko glt information de rahe ho dusra scalping ka button jb se neeche kiya tb se bar bar chat change ho jata hai kabhi trading view mode me krte hai to scalping mode me aa jata hai use change krte hai to grow mode me aa jata hai kyoki jaha scalping ka button hai vahi pr phone ka back jane ka key hai use dbane pr scalping mode on ho jata hai ise uper le jaye,2026-09-02,en
play-ac78934d86de5d8e,play,1.0,,niche chain hta do bhit problem hota hai trading karne me,2026-09-02,en
play-e8336f8185b2d910,play,1.0,,"Hii, Everything is good about Groww while using it for trading, but a problem which I am facing is I can see Many upi ids in ipo payment section please provide any solution to remove it or keep a limit on upi ids in that section",2026-09-02,en
play-88bb7e41a424a59e,play,1.0,,using several years today opened zerodha for low brokerage and easy gift share option.,2026-09-02,en
play-8320f68614ac1d44,play,5.0,,"This app is very good, it does not charge any fees and the interest is low. This app has benefited me a lot. I will tell everyone to use this app and fulfill your dreams 😊🙏",2026-09-02,en
play-0b3daa9499df8a72,play,1.0,,scalper button mobile ke back button me hi he to back karte time bar bar scalper button touch ho jata he. disturb hote he,2026-09-02,en
play-eca74dedbc28a69e,play,5.0,,very good app for long term weath creation,2026-09-02,en
play-5aaed5b794bd9609,play,5.0,,Excellent App. Outstanding & East to operate. All the very best.,2026-09-02,en
play-29eea6ed1b4dd069,play,2.0,,Check Dhan App. Groww app should grow now!!!,2026-09-02,en
play-0e54f765ab02f8d2,play,5.0,,Nice aap easily understood and usage is also a nice experience. Good aap,2026-09-02,en
play-ba1c27530a87eba2,play,1.0,,SENDING WRONG PAYMENT AMOUNT TO BHIM! Fix this or else change your Product Managers!!,2026-09-02,en
play-6970f5b2c523ffc1,play,5.0,,very easy to buy stock and easy to invest money,2026-09-02,en
play-32f5a0ed001e2e20,play,1.0,,ek toh ye groww app pata nhi kaunsi aafat aari inko update ghatiya ghatiya leke aa jaate hai......please give death penalty to the one who brought this update having scalper option in bottom of screen...everytime I try to hit back button it hits scalper option and your panauti groww chart opens up then I again have to turn off scalper option and again have to switch to trading view chart.......worst update,2026-09-02,en
play-a4fa000f74dbfdca,play,1.0,,"worest and froud app, it holds some amount without explaining the reson on withdraw time.",2026-09-02,en
play-a7ff9dfa2760078e,play,1.0,,last update ui is wrost please remove scalper mode on bottom,2026-09-02,en
play-ab0e0de35d857a49,play,4.0,,"the option chain become laggy? When I open the chart on my phone and then open the option chain, the option chain starts lagging.",2026-09-02,en
play-b8c8114836fdc2c7,play,1.0,,it is worst app my inside money gone and I see it shows minus literally if anyone download these app please see the my comments then you download and invest,2026-09-02,en
play-2e9e3af659a978eb,play,1.0,,1.every week update 2.inside charge 3system fult 4.costmer response 0000,2026-09-02,en
play-408fc835b7e3e0bb,play,3.0,,"after the update, on screen button in android is not working as earlier when the groww's app technical chart is opened. just let me know by when this issue will be resolved?",2026-09-02,en
play-d19144a384269000,play,4.0,,great app and very fast app suggestion: need Link for top 5 buyer seller window (Android phone),2026-09-02,en
play-4d6cafae33389d40,play,5.0,,"Groww is a very user-friendly and reliable investment platform. The app is simple to use, transactions are smooth, and the overall experience is excellent. Highly recommended",2026-09-02,en
play-198a3ca3455d6686,play,5.0,,all future goods and stock marketing easily play,2026-09-02,en
play-dfbe89cf80999b9f,play,5.0,,"Groww provides a simple and user-friendly platform for investing and trading. The interface is easy to understand, transactions are generally smooth, and the overall experience is good. Customer support and service improvements would make the platform even better.",2026-09-02,en
play-ffea049dc66cacf3,play,5.0,,auto debit directly from saving account for share purchase from market.,2026-09-01,en
play-afcb032efd45a525,play,5.0,,Complete your KYC & Esign Process 34.1k Coin 1.Click on the link below. 2.Download the App. 3.Register on the App via mobile number present in your device. 4. Complete your KYC & Esign Process to claim this reward. 5.Open Demat Account. 6.Buy stocks worth Rs.50 to claim this reward. ( Mandatory ) Note: Buying stock is compulsory to receive cashback.,2026-09-01,en
play-e4136f4dadcd9995,play,1.0,,worst experience... trying to reach the customer care to resolve my issue...but couldn't reach...no reply to email and didn't pick up the customer care call....waiting since friday,2026-09-01,en
play-b2375631cf20efd9,play,5.0,,"Very clean and beginner-friendly. This is probably Groww’s biggest strength. Stocks, mutual funds, ETFs, IPOs and other products are available in one app. Groww now offers advanced charts, intraday tools, F&O, MTF and a dedicated terminal, but some users report lag or responsiveness problems, particularly around trading activity.📈📉📈📉",2026-09-01,en
play-919abb26342bb94e,play,4.0,,"It is very nice aap,I am using it.",2026-09-01,en
play-753bfee49a036720,play,5.0,,abhi hamne download Kiya hai dekhta hu kitna support milta groww stocks se thanks for guest,2026-09-01,en
play-3b05eb3ac89fd52c,play,5.0,,understand very easy for low english know people,2026-09-01,en
play-e0dd4a11003ab5c8,play,1.0,,"Hello groww your team cut my money in our mutual fund sell unit """""" your team resolved it my gotal money debit 3700+",2026-09-01,en
play-ad5e2eca940c7489,play,1.0,,"just now uninstalled the groww app. i though of trading, options through this app. intially, i wanted to observe this app, if conducive wanted to dive into it. Holy cow, the recent update made it worse. unable to explore the features or trying to take the credentials of my account. Not even deserve one star. i wonder how all those 5 stars you guys got !!! GROWW, you really messed up with the recent update.",2026-09-01,en
play-1bf445a22f9eb15a,play,5.0,,super groww is a good income in my life,2026-09-01,en
play-0660bf35cab5888f,play,5.0,,top list and lower list mention this app,2026-09-01,en
play-1330a0a5b7dad980,play,2.0,,"Best user interface ,but high brokerage charges . I recommend kotak neo to everyone under age 30",2026-09-01,en
play-9ab16f061723cce9,play,1.0,,Worst customer service executives and world of delays,2026-09-01,en
play-0dcc39564d7f5786,play,1.0,,"Deserve 0 because of pathetic customer care service Edit: Groww makes people wait for every message for 15 to 20 minutes, sometimes even half an hour. They want people to use Groww's customer chat service and forget everything in their lives.",2026-09-01,en
play-ce883cd1921c948d,play,5.0,,Please provide 'CPR with pivot levels' indicator and 'Layout' features...,2026-09-01,en
play-81c6e3bb74d7c226,play,3.0,,my re kyc option is not showing please check immediately.im waiting form last 5 days,2026-09-01,en
play-510e5c31e5ad6e0b,play,5.0,,very useful app for those who r intrested in share market...,2026-09-01,en
play-bc6b096b75d24a8c,play,5.0,,"Nice platform for Trading, but for some INTRADAY stocks margin Money is less compared with zerodha",2026-09-01,en
play-e780a88ef61f1612,play,2.0,,Recent update to the app pushes for intraday trades by randomly auto selecting intraday option in buy screen. dirty tactics to increase margins? support is clueless and plays dumb. it's a shame because i really liked this app so far over other players.,2026-09-01,en
play-915dda1e5bcbf210,play,1.0,,data doesn't update after latest update. i have to refresh every second to track prices,2026-09-01,en
play-ec3a2123b51e678a,play,3.0,,"Once MF orders are added into cart, No option to access cart and process payment for all orders at once",2026-09-01,en
play-416de40a4c18acc6,play,4.0,,This is good to use and easy to working all steps,2026-09-01,en
play-1d6b725e5e82ca52,play,4.0,,Worst customer service. Neither do they respond properly providing solutions nor do they provide proper services.,2026-09-01,en
play-3f75d67f4f574bbe,play,5.0,,The app is easy to use and the design of the app is very good. and this black ui giving vibe,2026-09-01,en
play-a3db20aeaf51f3b7,play,5.0,,"Very easy to use the app,using the app from last 5 years.",2026-09-01,en
play-c5c5546d7f092a92,play,3.0,,My loan section is not showing pay in advance and foreclosure option please fix it,2026-09-01,en
play-23cf13247090aedb,play,5.0,,Great app to track all the external funds .,2026-09-01,en
play-df2f29f58f47f033,play,2.0,,add The expert analysis about the stock and more,2026-09-01,en
play-cf9ded853b79aca3,play,5.0,,Is app is a saving money. i am happy this app.,2026-09-01,en
play-bc54eb4a0a108256,play,1.0,,"i am new user, unable to login with my mobile number. it always gives error - ""something went wrong"". trying for past week, same error. please allow login with emailid alone so that i can try out all features of groww ecosystem. unable to even start/tryout the app. very disappointing.",2026-08-31,en
play-e2c3e80d7a5605e6,play,5.0,,good experience last 4 month start niwes throghw this app,2026-08-31,en
play-819d05fb4a1ced82,play,5.0,,"Funds not loading quickly after latest update Login problem, on website and app, please look into it (since update)",2026-08-31,en
play-71d6e0b384385167,play,5.0,,Groww is a good app and good working and good advice,2026-08-31,en
play-8cba11db5d4c7fe3,play,2.0,,brokerage high and order placement is very slow,2026-08-31,en
play-44fb345636786f13,play,5.0,,good app with very simple interface. almost every thing u need is available. customer support is very good also during market hours. need improvement like trading on chart. no export advisory for trading. The fee on trade is high compression to other 5* rating trading apps. for 0 trading fee novia like app is best. Hope grow team also do better for customer.,2026-08-31,en
play-592847a5879feee5,play,1.0,,"Misleading app, the app will create F&O, Bonds accounts without your concern. By mistake if you tap on them, it will show a popup about the feature, but it will not ask your permission to create an account.",2026-08-31,en
play-787374ea446c9d3d,play,5.0,,"superb one much better than its competitors especially angel one ..,",2026-08-31,en
play-885f4adfc71ff691,play,4.0,,"Hello, Overall Good Application, Simple Easy to use, Plz increase the Capacity of Watch list, Need Minimum 250, and Also Request Add US stock",2026-08-31,en
play-96330178df58daef,play,5.0,,user friendly.. simply superb to use.. I strongly recommend this app to all trading enthusiast,2026-08-31,en
play-910fcdca6129ab26,play,4.0,,"best app for users,very simple and knowledgeable home page",2026-08-31,en
play-6666f695cec57365,play,4.0,,Easy to use. I need clarity on brokerage charges with tax % for trading in commodities,2026-08-31,en
play-a16aee26fef7294f,play,1.0,,"the worst broking app , many glitches whilentrading i won't recommend using it",2026-08-31,en
play-9bb808ea3fc51bcb,play,5.0,,very nice app for stock mutual fund very easy user interface and very low platform charges.. thank you so much,2026-08-31,en
play-a98ae523f3a1a3c1,play,4.0,,please add the option where we can find out which fund performing well nd which one is bad.,2026-08-31,en
play-09a52cfa7660e564,play,5.0,,"I have never seen a better app than this, it is so simple and a great app for both beginners and experienced users.",2026-08-31,en
play-3e3981693d54b844,play,5.0,,I am very lucky because I have this application 🙏🏻,2026-08-31,en
play-0cc886dfc666a402,play,1.0,,"I have been a groww customer for the last 5 years. Since last month I have been trying to update my e-mail id but due to reasons unknown it has failed number of times. Everytime I tried changing the email id it shows ""Account Creation is in process.Plz try again once the account is activated''. I contacted the customer care number of times but they failed to resolve the issue. Also the customer support of yours is unable to reach. Many times its not reachable. WORST CUSTOMER CARE.",2026-08-31,en
play-8b1092196c0e7267,play,5.0,,l like this app so much thanks to developers to listen my words may be this change will helpful for everyone,2026-08-31,en
play-39d636f64cab8645,play,1.0,,i am using last 5 years but I don't get profit so i will give one Star ⭐ thankyou 🥺,2026-08-31,en
play-7c080a7377132153,play,1.0,,The apps says that it is not compatable with my device. So I cannot operate anymore.,2026-08-31,en
play-968b19d062f89ddc,play,1.0,,Brokerage charges very high other apps Brokerage charges 0,2026-08-31,en
play-1de7aac229678038,play,5.0,,negative points for groww long term investors equity delivery buy charges high compare another brokers,2026-08-31,en
play-0451c27e7e1523a1,play,1.0,,Worst app angel one dhan 5 paisa are better then this broker,2026-08-31,en
play-a144b399030a318f,play,1.0,,The customer service is worst. I don't get any reply even though it say 24/7 support,2026-08-31,en
play-c361fa7eda909ffe,play,3.0,,"Other trading apps provide an OI (Open Interest) profile directly on the live chart. Could you please add this feature to the Groww app as well? It would make it much easier for traders to analyze OI levels, support/resistance, and market positioning directly from the chart.",2026-08-31,en
play-6bc1843741b44c6f,play,3.0,,"groww is one of my favourite applications when it comes to investment however the major issue with groww is it's customer service, their AI disconnects the call repeatedly and their chat service responds with much delay.",2026-08-31,en
play-60a40983fe2c1a99,play,1.0,,"Don't install this app its worst the candle timing is not accurate and for past weeks the last candle makes very abruptly confusing all instead go for other brokers like tradingview, dhan, fyers etc",2026-08-31,en
play-95250f94d8856ca8,play,1.0,,"On the new update the full screen chart is automatically switching to full screen, the new Scalper switch on the bottom annoying getting turned on!",2026-08-31,en
play-70d4815aec46ca4a,play,2.0,,"My experience was fantastic with groww over the years..I have been using this platform from past 4 years and i just wondered why no other platforms, mainly the peer companies don't have this ease of use..But off late the updates in this particular app is getting so vulnerable that it totally lacked the ease of use..",2026-08-31,en
play-9f263920b93ce54d,play,2.0,,"After the recent GROWW Application Update, it has been observed that the bit by bit graphs are not getting updated immediately and lag behind. I need to refresh the screen to get the updated price. Kindly fix this.",2026-08-31,en
play-8077d98b65464366,play,1.0,,unnecessarily asking for money and not showing proper options or steps to sell the stocks. I made loss because of them. Came back to playstore to give this app 1 star (0 is not an option) found that already given. waiting for the day to delete this app forever. most stupidest app ever.,2026-08-31,en
play-76662e99ec5b5043,play,2.0,,ye app thik hi chlta h.... sl me sl se 2-3 point niche hit hota h or target me target se phele hit hoke cut jata h... mtlb dono trf nuksan hota h... mene 5star ratings di thi ab isko km krke 2 star hi deta hu..,2026-08-31,en
play-63eaab13fabff669,play,1.0,,"Stocks and f&o intraday sqareoff timings always problematic(they mentioned 3.20 p.m ),but,they sqareoff any time they want and loot Sqare-off charges (50 + GST.)",2026-08-31,en
play-9903b5f6904fbb31,play,1.0,,The new features are third class The old features were great to know all the charts at a single time after seeing the new feature I really want to uninstall the app now the have another feature like grow chart & scalper mode hate it a lot me and all of my friends nobody likes that button very very irritating,2026-08-31,en
play-16522885c6ce1436,play,1.0,,"very bad application, Customer support system is very very bad, don't download this app if you don't want to loose your money.",2026-08-31,en
play-ce6a12d9ec912afc,play,5.0,,Stocks mein jo scalping update kiye ho Groww bahut badhiya. one of the best features among all brokers. Thanks,2026-08-31,en
play-0f699ff89172d656,play,1.0,,"worst app, even after successfully approving the ipo mandate, the status on groww is not updating.",2026-08-31,en
play-51806352e9018c70,play,5.0,,"Really happy with the new F&O Lock feature in the Groww app. It’s a very useful update for traders, especially for managing risk and avoiding accidental F&O trades. The feature is simple, easy to use, and gives better control over trading activities. Great job, Groww team! 👏 Keep bringing more useful features like this. 🚀",2026-08-31,en
play-da00cacc2c4e0f57,play,1.0,,Support is too bad if u face any trouble they will too much time to provide assistance approximately upto 1 week for minor issue. no resolution even sending mail to the given mail id.,2026-08-31,en
play-7ab773ac398a6f93,play,1.0,,"previous update was best. new update is creating problem in chart page, the lower right side ""scalper"" option.",2026-08-31,en
play-5d61992b0d8f47b3,play,4.0,,"Needs to work on more filters and UI list to help investors to pick the right stock of their interest like other apps marketing. A muslim to help find Sharia Compiant stock , similar to a Jain they need Satvik filter or if we need to pick some stock which have low Debt, some stock earn high profit margins etc Reasearch in that way provide those kind of features",2026-08-31,en
play-cd9701a59f380f51,play,5.0,,Nice place for learning and trading/investment made easy.,2026-08-31,en
play-f31073a9f7739de0,play,3.0,,aapka deduction tax one time kaatna chahie sale Karen ya buy one time,2026-08-31,en
play-2235b12de8111680,play,1.0,,worst experience . This app interface for mobile is designed to rob the option trader with frequently changing interface. every next update makes your buttons different and your habit of previous window buttons make you place orders or exit orders accidentally.,2026-08-31,en
play-c2b7de3c34c831b6,play,1.0,,The app keeps crashing continuously after the recent update. Kindly fix that!,2026-08-31,en
play-a26c111e18c78efc,play,1.0,,"in charts mode the scalper option is irritating please remove it, or place it on other side",2026-08-31,en
play-25ea00b1d828d209,play,1.0,,"After recent update, Back button disappears in the bottom once u Enter into Trading view.",2026-08-31,en
play-cfb8270cfb931b45,play,1.0,,totally apko bhkane wali app h koi sip 2 sal se minus m return de rhi h or dikhate h 30 % return,2026-08-31,en
play-e269473f51067007,play,1.0,,add advance order feature for allotted ipos.... it's the feature all ur major competitors have just not you... how come ur technical team didn't notice this earlier....,2026-08-31,en
play-5b1cf8b46efcbaad,play,1.0,,some times very lagged we refresh every minute,2026-08-31,en
play-ca6e9f3e3310d4b4,play,5.0,,good experience and essay stocks buy and sell i like this application,2026-08-31,en
play-1ce8cb1f12758290,play,5.0,,"hello sir please option chain me hi resistance support oi ko highlighted kijiye ,key level indicator ploting add kijiye",2026-08-31,en
play-1f208cf7f6a0854a,play,5.0,,"New features like screener, volume shockers etc added made easy to filter the stocks. Keep improving......",2026-08-31,en
play-d99606f542adebfe,play,1.0,,It's been a week since I requested to close my Demat account but there has been no response.,2026-08-31,en
play-f7b4951ea0b97c8c,play,5.0,,Love the UI and design! It's simple to understand having all functionalities a trader should need! My only Investment app for future 😊,2026-08-30,en
play-1161ceca68fa0f3d,play,4.0,,recently many apps have been a headache to me and I'm glad to say this ain't it,2026-08-30,en
play-d92ac4f1d99da7cc,play,5.0,,I will be satisfied 😀 simple easy to use,2026-08-30,en
play-db1b260c3dde9c91,play,5.0,,Add new functions such as (index +call/put) layout to appear on the same screen,2026-08-30,en
play-99cf24d8adcfe040,play,5.0,,Nice aap for stocks & mutual funds excellent service.,2026-08-30,en
play-44868343a85a2b85,play,5.0,,my holding is loss 10000 but i will happy,2026-08-30,en
play-a064febe86aff8b8,play,1.0,,ai button at the top was available before but after updating the app it is remove. why!,2026-08-30,en
play-bb2212a654316b02,play,5.0,,one of the best trading platform or investment 😇,2026-08-30,en
play-c2335dc7960c94e2,play,1.0,,"Groww is very easy to use compared to many apps, which I really like. However, there is no separate category or dedicated section for International Mutual Funds, making it difficult to find all available funds. I’ve also noticed that international funds currently not accepting new SIPs or lump-sum investments don’t even appear when searched in the app. This is very disappointing and frustrating. Because of these issues, I’m giving Groww a 1-star review.",2026-08-30,en
play-7ca0c5448339f69f,play,5.0,,Tredline. Fibonachi. Tred andgl no . I request aadd,2026-08-30,en
play-1ad00d27e06b6ee0,play,1.0,,"please don't download this app , because they have worst support system. my experience: I called their support team for email changing problem due to its locked for some reason,they told it's may take 2/3 working days but even after 10 days their is no response from them ,i also raised ticket but nothing changes,still no response, it's time to change app",2026-08-30,en
play-a919524c607a4105,play,5.0,,very good user friendly but brocarge charage is little high,2026-08-30,en
play-08f9c3c0cbfb2506,play,5.0,,Easy to use. Simple UI. Quick and Responsive.,2026-08-30,en
play-8f25a721ae37896c,play,4.0,,"app deserves 5 stars for its user friendly interface, because there's no bond market viewing and trading, and still we can buy bonds feels that something is lacking, please update this issue soon.",2026-08-30,en
play-21efa7dbc2306cbd,play,1.0,,your Instant exit in options not working so many time thats why facing losses you take Responsibility of that sometimes it's lacking too much who take Responsibility incase of Brokerage you charge massive amount what facilities???,2026-08-30,en
play-0530f1b208ca6471,play,1.0,,Just like profit transactions indicated by GREEN 💚 color. I suggested groww team to indicate loss transactions by RED ♥️ color. still not updated.,2026-08-30,en
play-68fe5527f7266970,play,3.0,,"can you please add review portfolio facility feature to the app, like ind money and power up aap..this will be great help tp existing user",2026-08-30,en
play-ffc819a67ca5f83b,play,5.0,,"very good, I am very impressed by using this app... very simple to use...",2026-08-30,en
play-6d41679c26d68bc0,play,1.0,,the app has become too slow. and heavy. earlier it was lite and superfast.,2026-08-30,en
play-57fc3e9eb739a10e,play,5.0,,"I don't like the current way of showing income and profit of companies , please update back to the previous design.",2026-08-30,en
play-35cdc1da54d2f41d,play,5.0,,"Using Groww since 2018 for both swing trading and long-term investments, including mutual funds. The app is super user-friendly with fast order execution. I really love the clean interface—it doesn't clutter the screen with unnecessary data, making it very easy to understand everything at a glance. Highly recommended.",2026-08-30,en
play-d497357a17937092,play,5.0,,veri nice app bahut simple and bahut bahut iji investment and mutual fund thank you,2026-08-30,en
play-cb36fb492e02e3d1,play,5.0,,"The app is super user friendly, and is an easy recco for all beginners.",2026-08-30,en
play-a7251676cbce6922,play,5.0,,Easy to use.. Bahut hi helpfully application h.. Sari chije easy way m h jldi smjh ajata h or information bhi milti rahti h. Account information.. Fund.. Account statement sb chij smy s ho jati h mujhe bahut pasand aya yh application,2026-08-30,en
play-04e242f8e3452ebe,play,4.0,,Add Notes Options in Watchlist as other brokers given. please reduce brokerage charges as it is costlier in charges.,2026-08-30,en
play-25fd121890d89965,play,2.0,,any time app show update just 15 days ago I updated but recently I show new update,2026-08-30,en
play-4cf3595a4facc1a4,play,5.0,,I'm using this app for a year . It is excellent for beginners like me 😄,2026-08-30,en
play-330e69dbc9480143,play,1.0,,charges is so much high and no any help,2026-08-30,en
play-a20f5428d9e6d00b,play,1.0,,app is not installing after update and there is some problem while installing from playstore askin to delete most of the apps from my mobile please solve the problem or install previous app,2026-08-30,en
play-e292969390e28db3,play,5.0,,"Good app , thanks all groww team for continuous improving and new technology features.i want one More feature. When we set alert for Nifty, if the Nifty spot price triggers that alert, the option trade should be executed automatically.",2026-08-30,en
play-bdea5b956cb4c6f4,play,4.0,,"nice app, but they may think about their brokkerages.... it's to higher than others",2026-08-30,en
play-f0fb451210539e04,play,5.0,,Niche And beter App Service beter Security team are Beter,2026-08-30,en
play-9dfbdd3c122dbc93,play,5.0,,"good service , can I buy your groww own share it's good for wealth",2026-08-30,en
play-fa389b8606323fa5,play,5.0,,it's very easy to handle. that's why it's perfect for normal people to use.,2026-08-30,en
play-00c68a87629e6ac2,play,1.0,,"I want ""LINE WITH MARKERS"" tool in this app",2026-08-30,en
play-d379dbcaaebbe3af,play,1.0,,slow and cahrt sticks while going from one share to another,2026-08-30,en
play-f21b494cb495111a,play,3.0,,"Very poor customer support, practically no help desk. The available AI help is of no use and infact irritating at a time of need of help. The instantly available AI help literally sucks the mind without any meaningful delivery of result.",2026-08-30,en
play-860fbc15303fc02e,play,1.0,,application developer only increase number of download ke liye bar bar application update de raha hai or kuch nahi kar rahe update ke name per,2026-08-30,en
play-ace17138721730f4,play,1.0,,"its a basic app dont use this, use zedrodha or angelone",2026-08-30,en
play-aa6d39a7b81abc68,play,4.0,,very good for investing and also grow your experience,2026-08-30,en
play-896496b5cce59fe8,play,5.0,,"Excellent:- Stock market steps to loose money. My losses above 27 lakh. Preparing Demat Account means start to loose hard earned money without any hesitation. Post office and bank fix deposit is the Supreme work. If you want to defeat inflation. Loose all money in stock market, than no fear of inflation. Buy land,invest for business practices and if you are unable to do any business than fix deposit much Supreme work. I don't trust stock market as stocks,mutual funds or option trading etc",2026-08-30,en
play-bf7d006cad377816,play,1.0,,"when I open the chart most of the space is blocked by the terminal, etc chart space is very small also when you open the chart full screen the buy and sell button is not working.",2026-08-30,en
play-b3f8983f65794756,play,5.0,,is very use full app and vary faster⚡,2026-08-30,en
play-cd570fe10675d655,play,4.0,,"very nice and great app working right now, I love it",2026-08-30,en
play-9c66984c4e8ee905,play,4.0,,good UI and user friendly but needs improvement in charts part,2026-08-30,en
play-f1cddd4732f931f0,play,5.0,,The best and most user friendly trading app!,2026-08-30,en
play-89ce458dead8c12e,play,5.0,,"best app for investment, easy to understand and easy transaction options, easy to understand a stock movement from its beginning to right now at glance only. super and thanks to team grow.",2026-08-30,en
play-4b5ef2bf8463add0,play,3.0,,Main purchasing or selling time always has their technical issues. Disgusting...,2026-08-30,en
play-009bd16f01dd0691,play,5.0,,Groww is amazing stock broker and easy to handle also gives market related news. So I will recommend for this one.,2026-08-30,en
play-d51746dafb7871fc,play,5.0,,"I have been using this app for last 20 days. As a beginner I'm very satisfied with their service. App is pretty fast. Especially IPO application process happens at lightning speed. They provide tons of information on stock market. I have been using GROWW for 3 years and there is a continuous all round improvement, hence never felt to try to some other app.",2026-08-30,en
play-8a29c27f0df43b1b,play,2.0,,too much charges even on equity par bhi charges hai jab ki competitors free of cost de rahe hai,2026-08-30,en
play-bf20065d68abb816,play,1.0,,not live show mutual fund market up down,2026-08-30,en
play-fdf48fc58b2d7c76,play,2.0,,The latest update has an issue as it's showing full screen on the chart page which is making it difficult to navigate to the back screen. Please fix.,2026-08-30,en
play-d6db3ad63c1a2c22,play,1.0,,very poor application every time technical glitches during trade,2026-08-30,en
play-672a12c7ed30e150,play,4.0,,grow charges are there while buy and selling the stock is ₹2 means grow charges ₹5,2026-08-30,en
play-8648bfcb0cae5dad,play,5.0,,The best and faithful app and provides more useful information.,2026-08-30,en
play-cadf6bb90b838ead,play,4.0,,Tp he app is great; it provides accurate market information in a timely manner.,2026-08-30,en
play-e4890135fb00c117,play,3.0,,"I love the minimal but vast options available in the app, be it stocks, MF, commodity etc but I feel that 1 thing is lacking. In the Groww Web they recently included that feature. I'm talking about Trade directly from charts i.e., like Dhan you can simply drag drop SL and target levels. The feature is there in Groww web but it is not available in mobile. i usually trade from mobile so if they roll out this important feature I'll come back and give it a 5 ⭐ Even Zerodha kite has that feature now",2026-08-30,en
play-74db2aba0c6051a9,play,4.0,,This platform is very good for investor. This platform is better than Bank 💞,2026-08-30,en
play-ef30be8e3abcdabc,play,5.0,,"Groww is a great app, but adding Volume Candles (Volume Candles / Volume Profile) directly to the charts would make technical analysis much easier for active traders. Please consider adding this feature in upcoming updates.",2026-08-30,en
play-63a3fbf2acea88f6,play,5.0,,"Groww must introduce a trailing stoploss feature on the chart. To Groww team , please don't make any delay to introduce this feature. We need this feature by next week",2026-08-30,en
play-9549007940618d0f,play,5.0,,very nice app my first trading start for the grow,2026-08-30,en
play-c49428593c653660,play,5.0,,"Millions of retail investors, including me, have happily connected with Groww and invested their hard-earned money through the platform. It is encouraging to see the platform continuously growing. We sincerely hope that Groww, along with SEBI, will remain vigilant and take all necessary measures to prevent any kind of scam or fraudulent activity, ensuring the safety and protection of investors’ hard-earned money. Thank you Team Groww",2026-08-30,en
play-b568173b134ed7d8,play,5.0,,I am using it continuously and feels happy but some other features of indicators are not available wrt zeroda.,2026-08-29,en
play-73a1fb44b05d2bfb,play,5.0,,Very Nice And Easy App Trading For Beginners 🥰,2026-08-29,en
play-fbc55fe3a4a4703b,play,1.0,,Day by Day charges badhate ja rhe h..,2026-08-29,en
play-a76003dacf01f925,play,5.0,,"It is my favorite Demat account broker, but please lower the transaction charges. BUT :- ♥️ Love you ♥️",2026-08-29,en
play-623660aa6611823f,play,5.0,,Too easy to understand its function for trading... thanks,2026-08-29,en
play-2ad607ca525dbb03,play,1.0,,Bonds purchased through Groww app are being shown with loss of 99%,2026-08-29,en
play-e20ff3820d323be3,play,4.0,,easy process if you know what you are doing for better future,2026-08-29,en
play-06d7c07666af4efd,play,3.0,,Very simple platform for investing. Only bad thing is the console pattern keeps on changing which makes it difficult to familiarise. Stop changing console appearance.,2026-08-29,en
play-68a30e8eb8fb98f6,play,3.0,,"Why doesn't the Groww platform offer a pre-market sell option for SME IPOs, whereas other platforms do?",2026-08-29,en
play-5a7691f6babcca18,play,1.0,,make a preview like zerodha and others. reflect on singhal screen investment market Value qty avg price CMP today profit total Profit,2026-08-29,en
play-ee7ceba98637dfaa,play,5.0,,forex currency add hota to or accha hota,2026-08-29,en
play-1ea1703d0ab44e0d,play,1.0,,matual fund is not work properly stp & swp not work properly,2026-08-29,en
play-c0dd52e9a3f0ceff,play,3.0,,Don't install because this app is not working smoothly.,2026-08-29,en
play-d773c667de3d1568,play,5.0,,super app simple interface good app smoothly working ❤️❤️❤️,2026-08-29,en
play-9c243af6ce84d87b,play,3.0,,the brokerage charges is too high 135 plus taxes on 5000 sale,2026-08-29,en
play-77a39e30cf236188,play,4.0,,amezing work in groww app you have a good 😊,2026-08-29,en
play-c5ed2fb49aa034fe,play,3.0,,this app ok but new update inquired best app . price rate very highly. and midclass pepelo high usage this app. but stock information all people note interest. we it app stocks Market class on-line best way.please starting class.,2026-08-29,en
play-955afc0707d517c2,play,2.0,,"Been using this for 4 years but recent ""advanced features"" made it hectic. 1. Scalper button placement is terrible; whenever I hit back from a chart, it accidentally triggers scalping. Not everyone is a scalper! Give an option to hide it. 2. Severe chart lag: switching charts still shows the old asset first. I have to go back and reload it twice just to refresh. 3. Web version is too complicated and confusing for investing. Frustrated with these bugs, I finally moved to another platform.",2026-08-29,en
play-0fda92232807e1de,play,1.0,,not tamil language customer care supporting..! pls give all indian languages customer care support..!,2026-08-29,en
play-952d5d041d3999ce,play,5.0,,"Hello Groww Team, I would like to suggest a useful feature for the Groww app. Could you please consider introducing an in-app share transfer/gifting facility, similar to the Online DIS / Transfer Stocks feature available on Angel One? Currently, transferring shares to a relative or to another demat account requires going through CDSL Easiest, which makes the process more complicated for users. It would be much more convenient if Groww could provide a simple “Transfer/Gift Stocks” option",2026-08-29,en
play-9d1757fd75d9b8a2,play,1.0,,portfolio analysis not correct... it shows wrong figure... before update it shows right but after update of app it shows huge difference between invested and current values... kindly fix it,2026-08-29,en
play-18988a2e8803ea3a,play,5.0,,"It is a very good and transparent market, everything is very independent.",2026-08-29,en
play-c6cfefd4632fe2a3,play,5.0,,very good and iam happy to first investment in my life,2026-08-29,en
play-35cb993d9d6190db,play,5.0,,simple and easy to use.. but need more updates in Trading,2026-08-29,en
play-058e065f6e21ffdc,play,5.0,,after using 2 years i can say it's good for financial work❤️,2026-08-29,en
play-d99c3d5e20374fa7,play,1.0,,The new update is really bad. Every time you open the chart then a scalper option appears below instead of an earlier touch screen panel.,2026-08-28,en
play-15b51cc3a5d7c135,play,2.0,,"dear groww, the only reason i am using this app cause of simple interaction, updating the app is good, but if you keep things complicated, i will have to close my account. don't force your new updates on users, keep the interface as clean as possible. e.g. the scalper button you have added near buy/sell, asked whether user need that button or not and also stop forcing groww charts. both are irritating while trading. please solve this issues asap, or i would have to find new broker.",2026-08-28,en
play-46091fcca412ca5a,play,1.0,,"want to make your trading journey easy then never use , groww very bad experince with it",2026-08-28,en
play-5304dbdc53803449,play,1.0,,"The Customer Support process takes too long, even for urgent issues. The withdrawal was also delayed despite sufficient funds being available in the account, which was particularly inconvenient as the funds were urgently needed. They didn't allow me to withdraw even after 10 AM.",2026-08-28,en
play-bc13665a9ce5c516,play,5.0,,"I have been using Groww for a while now, and the overall experience has been fantastic. The app rarely lags, tracking my portfolio is very easy, and the interface is highly intuitive for both beginners and pros. Highly satisfied with the performance and transparency.",2026-08-28,en
play-4e368b1a6b0fc8de,play,4.0,,Apps Is Good But Customers Service Very Disappointed,2026-08-28,en
play-0f9bd23a15bed57c,play,1.0,,"It's a waste app, once we complete the trade we can't draw our money and they don't allow us to withdraw, whereas other apps allow us to draw money after deducting our charges even if it is lost or profit, Some Apps allow us to draw our money on Saturdays, hereafter I will stop trading on grow",2026-08-28,en
play-8316f00c98db6098,play,1.0,,very bad experience this app very bad money fas jayegi aapki koi kabhi bhi kyc ya other reason se bnd ho sakta immediately aapka loss ho sakta hai .... customer support zero hai bolte rahenge kuchh or krte h nhi kuchh,2026-08-28,en
play-db8ed0ca0ba24518,play,5.0,,Best interface to understand for beginners. but FD feature is missing otherwise best app for investment.,2026-08-28,en
play-18ce011e3935c7ca,play,1.0,,worst trading app;taking so much charges.wanna uninstall very soon,2026-08-28,en
play-18cb0081b57c0223,play,1.0,,ridiculous new update. When we open the charts the back button on our phone just disappears and we end up clicking the scalper mode or a different chart when not needed. Also the limit order is auto filled every time we click. so annoying to modify. Every second in trading is important but you are just wasting precious time of trades.,2026-08-28,en
play-9bb791787e106fa2,play,1.0,,1. After new update scalper option is given down that is very irritating. its getting pressed all the time .. kinldy change its position.,2026-08-28,en
play-c9a1617799c83fe1,play,1.0,,"Thanks to Groww app's new update, I am anyway shifting from Groww app to other app for my chart analysis. In the new update, as soon as I open the chart, my gesture buttons disappear, and right in that exact spot, they have placed a new button called 'Scalper mode'. If that button is pressed by mistake, the TradingView chart immediately switches to the Groww chart. Similarly, if I touch anywhere on the option chain by mistake, an order gets placed. I don't know why it has been designed this way.",2026-08-28,en
play-15c0433884037a82,play,1.0,,worst support team ever guys please don't use this application it's so frustrating to talk with the support team when you'll be explaining something they'll leave your call on hold i experienced it when I was saying my problem to the support person he left the call on unattended I waited for like 5 minutes still no response from that guy it's just so annoying how you are taking so much brokarage and still you can't load the volume candles properly on the desktop,2026-08-28,en
play-e202f06eab7f8f51,play,3.0,,when trades are shown on premium of option charts..add the stop loss and trailing stop loss adjusting by dragging the stoploss and trailing stop loss feature also..thats the only thing missing there...,2026-08-28,en
play-851766149419a732,play,3.0,,"Had to rate 3* down from 5* Why? Let's explain. Initially, I thought it was happening only with my phone, but later on I discovered that everyone else was facing the issue with the latest app update. So, this was a deliberate strategy by Groww. The issue: as soon as we launch the app and authenticate (login), the F&O page remains the initial landing page, regardless of the fact that I don't use the F&O feature, it's paused on my account. Remark: This is not acceptable.",2026-08-28,en
play-0731d72dd75c840f,play,1.0,,"Hi Team, Recently I see some issues on groww app. when I open any chart , it's automatically changed as full screen and hide the back button, so always it auto selects the groww chart option. please rectify it.",2026-08-28,en
play-761d98f34b4d686b,play,1.0,,"On viewing the chart, the bottom navigation buttons are hidden automatically even though the navigation buttons are fixed in my phone settings, I have to swipe up each time to get those navigation buttons and click back button. Kindly fix this issue in next update.",2026-08-28,en
play-d3caac56405154a6,play,4.0,,"This app has a clean user interface and is very easy to use. I have just one suggestion to improve the app interface. If any SIP is cancelled or rejected, it should disappear after 30 days. Also for stocks, sold orders should auto-hide or disappear and show active holdings only. This will make the app much cleaner for long term investors.",2026-08-28,en
play-ec767daaf9f9d435,play,1.0,,New updates was very bad it's captured whole screen i can't able to go back because my back bottom already hide by this apps screen.,2026-08-28,en
play-963ebbe903e6b8f0,play,5.0,,I trust this app . Grow app is so easy to use. I recommend this app to all of you.,2026-08-28,en
play-effc8b526f7aca0c,play,1.0,,"they make life hell after recent update, hiding navigation bar when enter to chartview, you can't navigate from chartview as navigation bar got hide, when try to enable navigation bar, scalp mode or chain is getting option which i don't want. no support from cc.",2026-08-28,en
play-226fc3231ea624e3,play,5.0,,Groww app is the best plate form for training,2026-08-28,en
play-505a9527b072b066,play,2.0,,thanx for introducing groww charts please add volume profile fixed range indicator in indicator list,2026-08-28,en
play-cb4f139ff2640870,play,5.0,,user friendly app for new and 1st time investors.,2026-08-28,en
play-8f0c621d37e1fe47,play,3.0,,new groww chart is irritated by default settings and on charts scalper mode is direct click whenever I tried to go back,2026-08-28,en
play-3604e6ed8480cc2a,play,1.0,,"Too much charges, and slow order execution, target execution is not great, chart interface back button is removed. Ill move out of this app",2026-08-28,en
play-468532a1dd6329c1,play,1.0,,Tumahara devloper gadha hai trading view chart kholne par mobile mein navigation button gayab ho ja raha hai ..fix this,2026-08-28,en
play-1100e3904ac8fcbb,play,4.0,,ABHI ABHI JO UPDATE HUVA HAI GALAT HUVA HAI CANDLE CHART ME BUY KARTE TIME QUANTITY PLUS KATTE TIME BUY KA BUTTON BAJU ME HI RAKHA GAYA HAI PEHLE NICHE THA BUY KA BUTTON ABHI THIDA PROBLEM AA RAHA HAI *PLEASE CHANGE*,2026-08-28,en
play-b28d47e78325c185,play,3.0,,"Very long process to close position partially it should like sahi, lemmon using opposite button in scalper button.",2026-08-28,en
play-970d7a5879f8d43c,play,5.0,,My experience is very very nice with you. thank you very much groww and your supporting members.,2026-08-28,en
play-6c7dede7e08b4cc2,play,5.0,,Overall a good app. All in one. One demerits point that Groww broker taking too much charge for stocks. higher than expected.,2026-08-28,en
play-c40c4e5d87f97393,play,5.0,,Give me a Chance To Express my views ❤️ online Good Service,2026-08-28,en
play-7b0b8bc0fab92e15,play,5.0,,The best investment app I have found. Direct mutual funds are available and no fees or other hidden charges are levied. Very satisfied with this app.,2026-08-28,en
play-9e0bce60b42d78b7,play,1.0,,"worst app for trading, never use this. I can't close my demat account easily. their team is not respond on time.",2026-08-28,en
play-f4a6f6ccf87b40f9,play,1.0,,I have applied for a demat account opening on 12th August but till date it is not opened. Every time customer care gives a new date for resolution. Not happy with the service.,2026-08-27,en
play-21847e0561be0a5c,play,1.0,,kabi kabi trade lete tym lack krta h fir loss hota h vese aacha bus thi problem h,2026-08-27,en
play-49e80e8d3d2d9dcc,play,3.0,,there is a problem i am not getting any message as sms or in upi when I withdraw the money please fix it immediately.,2026-08-27,en
play-8f1184c998a76926,play,1.0,,mobile app me ye kya bawasir wala update hai aug 2026 ka back button click kare to sidha setting change hota hai full screen ka update kyu Diya niche nifty ka chart open karte hai to niche se jaise back karo to sidha option position open ho jati hai mere moto g phone Mai,2026-08-27,en
play-941c47c7fada9313,play,5.0,,Using it for Mf...really nice and Easy interface.,2026-08-27,en
play-8e3c5500601f0966,play,2.0,,why do groww charge so much i invested 1000 and within 20days they charge 246₹,2026-08-27,en
play-57d394d5109d6750,play,1.0,,need to update better or i should go for dhan app. reason to update because in live market when i leave Mark for Trade and after some time my level mark was not seen . and everytime I close app and open it sometime don't show candle properly. very bad,2026-08-27,en
play-41b73cd1b14b88a7,play,1.0,,Customer support is too worst...no one will answer your calls they will make us wait for more than 10mins In Chat support no one will respond Just because of app is good do not download and use I am leaving it for worst customer service,2026-08-27,en
play-d1972bee6e4990b5,play,1.0,,this gu app is charging extra money in the name of groww charges on buying or selling of stocks and the worst thing is that.. they Even don't follow SEBI rules and hold money for extra time and can be withdrawal able after 10am of next to next days if there is a holiday they gonna hold money for more time extremely worst app doesn't follow SEBI NORMS,2026-08-27,en
play-b021051f41bf3c11,play,1.0,,"I am writing to register a formal complaint regarding severe deficiencies in your service, specifically concerning the failure to process my legitimate account withdrawal balance and the complete lack of accountability demonstrated by your customer support team. very very very bad service always daely very bad working application my profits balance blocked 3 days why ,??",2026-08-27,en
play-80b3c76de4d52b4a,play,1.0,,"worst experience in my life i request all of donnt install experience with Groww regarding IPO applications. Even after successfully approving the UPI mandate, the IPO application/status was not updated properly or on time. The customer care support was also disappointing, with no clear or satisfactory response. IPO applications are time-sensitive, so timely updates and proper customer support are extremely important. Groww seriously needs to improve its customer service and IPO-related support.",2026-08-27,en
play-152ebc3cf7748c08,play,5.0,,This App Is Very Good For Beginners in invest stocks Mutual funds Snd Financial tool And Gain Some Knowledge,2026-08-27,en
play-eeec8dda5133f194,play,5.0,,"I’m really impressed with the Groww app. It’s simple, clean, and easy to use, even for someone with little knowledge of investing. The information is presented clearly, making it easier for beginners to understand different investment options without feeling overwhelmed. Overall, Groww offers a smooth and beginner-friendly experience. A great choice for anyone looking for a simple way to start investing.",2026-08-27,en
play-0be2915fa27a327e,play,5.0,,"good👍 experience and knowledge, how to save our extra money 💰",2026-08-27,en
play-4bd9dc4bf69de622,play,1.0,,"the worst app to exist ,auto exit does not work for intraday many times ,they keep the position till 3 30 and still charge for closing that position ...scammers",2026-08-27,en
play-727c1f2ab44bad76,play,1.0,,bad experience in groww lag chart price not correct in excute order,2026-08-27,en
play-8b258cc5acfe35ca,play,5.0,,Best For Beginners And Easy Interface. Great I've Been Using 5 years.,2026-08-27,en
play-9cf69d3a8b520c8e,play,5.0,,3 years and still the best app in the market..easy navigation and simple ui. Hopefully we get US stocks soon.,2026-08-27,en
play-188c5dbb66545edc,play,4.0,,Real time Data must be shown on the Application.,2026-08-27,en
play-1b2a9622f0bfbd2a,play,1.0,,"Very disappointing experience with Groww. The charges are too high compared to other investment apps, especially when selling stocks. The deductions are not always easy to understand, and the overall charges feel excessive for small investors. I expected better transparency and lower charges. Please improve the pricing and make the charges more reasonable.",2026-08-27,en
play-539800418c98ecf1,play,5.0,,"Re: best UX Love the app. Best for beginners rather than Zerodha, Upstox. Main reason being no maintenance charges and better UI. But there's an issue for people who have been in the market for a long time. 1) No way for in depth research. For eg. Indicators don't work properly in the app. Need better UI for research in it.",2026-08-27,en
play-97e3cd2118812011,play,1.0,,i will never use this apk for investing again bcz this apk has very High dp charges and other charges if you are a small investor then this apk is not good for you.,2026-08-27,en
play-405ee9f6e0d129b5,play,3.0,,show of IPO GMP IPO closing list minimum 100 piece show upcoming IPO list not a mandatory,2026-08-27,en
play-3d6e090a68c8cf17,play,1.0,,"for contact customer care waited more than 15min. then also not connected and tried 3 times. still not connected, oder delivered at 9:15 am with more than targetted price",2026-08-27,en
play-ffc40a948c501721,play,5.0,,Very reliable and easy to trade excellent platform,2026-08-27,en
play-d3e11ba21027869b,play,1.0,,Best app for trading and investing...what I like the most is Quick option chain....what i hate the most is no VTT order like 5 paisa...and brokerage is also less in 5paisa..10rs per order... ugliest thing about groww is suppose if want to place the order at 400 which is 380 current price ...the order will trigger at 380...unlike 5paisa...i can place order at 400 even if the current price is 380...and will be triggered when it reaches 400....hope you people understand and update on this,2026-08-27,en
play-ba8c680382a86e82,play,1.0,,"Pathetic Customer Support ​Absolutely frustrating customer service experience. The IVR initially stated a 5-minute wait time, but I was kept on hold for over 20 minutes with zero progress and repetitive, unhelpful automated responses. For a financial investment platform where timely resolution is critical, this level of support is unacceptable. Extremely disappointed with Groww's service.",2026-08-27,en
play-468652c0aca3c3bb,play,4.0,,when I fill ipo it doesn't get fast approval on gpay,2026-08-27,en
play-43fa3607f65f6d69,play,1.0,,there is no option to save chart in groww web ....please solve this problem .....otherwise I'll open an account on another app...,2026-08-27,en
play-cefcb811bbf06683,play,2.0,,Not able to install this app in my device other apps are installing perfectly,2026-08-27,en
play-b560bae830c2a4e8,play,5.0,,structure to understand very easy for beginners too compare to other,2026-08-27,en
play-a1b544bb7e37c5d3,play,5.0,,The user interface of the Groww app is very user-friendly. The interface is also very smooth and minimalistic. I like it a lot.,2026-08-27,en
play-1fa18eb8373433fb,play,1.0,,wrost app. i want to open demat but it the application automatic stopped and exit,2026-08-27,en
play-0ca5a715ef904edf,play,1.0,,Today's activity ₹653.37 Stocks — ₹861.18 Delivery sell — +₹861.18 Blocked for charges — -₹207.81 Brokerage — -₹35.00 External charges & taxes — -₹172.81 This is an estimated value of charges for today's trading. Final charges will be deducted at day-end. Check the contract note for exact details. brokage charge hevy suggest another app groww app not god,2026-08-27,en
play-e94faf7da484ff96,play,5.0,,App is good...please update market holidays on dashboard a day before...,2026-08-27,en
play-0c07289ab93b92e4,play,4.0,,"best user friendly app for sure but now a days I am facing this issue of screen getting lagged means when I open the app ,the app gets opened i can see the dashboard and all but when I try to click it doesn't respond to any clicks ,by default it will be opened at stocks dashboard then when I try to click anything nothing works i can't move to another stocks.Its just the stocks page and over but the movements of Nifty at top I can see them ,it's not static .Touch it doesn't work.",2026-08-27,en
play-dda45b3ccf5b2fc4,play,5.0,,very easy to use for bigner....!!nice aap,2026-08-27,en
play-84e65f7a3cf4ad9c,play,1.0,,why AI feature GR-1 ruled out not able to see the option now. Not sur about the charges also,2026-08-26,en
play-31655359a0846034,play,2.0,,chart 📈 open very slow 😔😔😔😔😔 my holding shirt other broker,2026-08-26,en
play-f6902b0031e2c4e1,play,5.0,,"please offer and update the Groww app & Groww Credit Personal loan offer enabled,this is my urgent request for you.every time and every month I have to pay before EMI and due payment. please update and do the needful urgently. Regards",2026-08-26,en
play-2ad75692b7709ad9,play,5.0,,need to add one column volume in Greek group,2026-08-26,en
play-cf67f4eefce760ee,play,1.0,,after update app become worst if u trying to back press automatic scalp option touch and trying to open trading view chart and open groww chart and there's no features like trading view chart,2026-08-26,en
play-d7136c01be6b1695,play,1.0,,new update sucks. the navigation buttons are auto hiding while Opening the charts in mobile creating a lot of irritation.,2026-08-26,en
play-505e935d3478ea6e,play,1.0,,Day by Day getting worst.Application is cheating users in Entry and exit point.Exit will be performed before your SL point(Great fraud).please dont use their application. Always delayed in Trade Exit . Leads for potential loss.Even their stop loss exits in incorrect value. They have tactics. The worst thing is zero customer support .They will not pick your calls after long long wait time,2026-08-26,en
play-f6edc7be6a7608d8,play,1.0,,customer service thik nahi hai other app use karo all traders,2026-08-26,en
play-620956b8c0a24610,play,3.0,,IN TABLET WHY THE APP DOESNT TURN IN HORIZONTAL DIRECTION.. PLEASE RESOLVE THIS.,2026-08-26,en
play-91494364844f4371,play,2.0,,Allow us to pause SIPs indefinitely. Currently you can skip 1 installment or cancel completely but I just want to pause for a few months.,2026-08-26,en
play-7f5d52a425067898,play,1.0,,investment charges bay 1 share charg 5rupess cell 1 share charges 24.73 rupees totally loss money I requested all user please uninstall the app,2026-08-26,en
play-985efe36abc826aa,play,5.0,,groww is very simple for sip and sheyar market,2026-08-26,en
play-d0dac0f67526a303,play,1.0,,it didn't work for me instant money withdrawal doesn't work properly i would prefer the other app.,2026-08-26,en
play-0b7045c04ec2bfee,play,1.0,,do not want to invest in regular plans of mutual funds,2026-08-26,en
play-d2f5cb4cce320013,play,1.0,,worst customer care service.... makes you wait so long that you cut the call yourself,2026-08-26,en
play-f15ad4948f80136d,play,1.0,,not able to refresh external funds. tried multiple times,2026-08-26,en
play-e7a6a8ab6ec9049b,play,5.0,,I have deposited right know I'm watching daily morning grow app,2026-08-26,en
play-7ec38685b81186ae,play,3.0,,app features r good but font size is small to see numbers..not useful for trading.MF r Good but once SIP payment is delayed by evening immediately they charged my bank charged NACH bounce charges of 350 . previously thr was no such charges.y shud i pay extra to Bank for such service.so i immediately closed my demat account. customer service as usual not available in phone or social. longterm it's headache to maintain this app. though good MF recommendation but app service is pathetic,2026-08-26,en
play-22b2b45379ab298a,play,3.0,,you guys while adding new features you take out other features. there used to be back button below while viewing chart but now there is buy button.. atleast have the back button for the convenience .. though no doubt the app is good,2026-08-26,en
play-8e223274fc53aaf3,play,2.0,,service is okay but high brokrage on fno,2026-08-26,en
play-389fc86528f2e99c,play,1.0,,very bad app for trading..the price on screen gets reflected after so mamy second on graph.. many times it doesn't reflect even after refreshing.,2026-08-26,en
play-9be8bd80dc68e0de,play,5.0,,One of the best trading app for trading.,2026-08-26,en
play-0c52171a5233255d,play,1.0,,"Already mail at team groww but still not showing charts in my holding, please fix this asap",2026-08-26,en
play-fbf869c39ffa7d99,play,2.0,,On scalping mode index chart does not work.,2026-08-26,en
play-d178d2f41f38ab50,play,1.0,,It's taking too much to settle an account. Yesterday my trade is over and now I am unable to trade because my account is not settled. Very slow services. it's losses Grow also. I am thinking of changing the broker. There are so many brokers who given immediate trade. Thank you,2026-08-26,en
play-34a9fd753c13ffb8,play,5.0,,"It is a very good app; it is very easy to use and provides detailed, in-depth information.",2026-08-26,en
play-5f9ecafbefd244c6,play,1.0,,"regular days daily they blocked cash amount from grow it s worst experience ,why ,what was reason behind groww and also not withdrawal full amount they blocked money after T+1 one day settlement no one withdrawal full amount no response from customer care service.",2026-08-26,en
play-e1eabd98a65cb150,play,3.0,,Data is not getting updated for Mutual Funds even after giving multiple authentication.,2026-08-26,en
play-a49012ab5d4a03f2,play,4.0,,some basic features are missing like target p and l for basket order and also show complete information about the basket including charges and brokerage while making position,2026-08-26,en
play-fc96825d43775001,play,5.0,,very good n trusted platform very very friendly. I am using it n very very satisfied. not any glitches very fast delivery,2026-08-26,en
play-f7cc997ba52ef8a4,play,1.0,,customer support not work properly ..not solve problem,2026-08-26,en
play-ce9d22f63c0c8119,play,4.0,,"it's good, as I'm new to this broker I can invest easily but still a little inconvenience while trying to make Intraday orders",2026-08-26,en
play-2fc5be677c75312b,play,4.0,,"Fast execution smooth interface and charts brokerage same as industry standard mutual funds all one place good for scalper no lag even on pc Free amc customer service a bit slow.and miss the on chart trading, and little indepth analysis of stocks recommendation for swings based on internal data. Been with them last one year , Go for it guys.",2026-08-26,en
play-1e4fec6f06b58610,play,4.0,,overall experience is not bad it is satisfactory but your trading charges and tariffs are very high as compared to other apps in market if grow want to stay in long run then bring down charges.. otherwise users will be switch for some cheaper option,2026-08-25,en
play-9273c45a539b5d25,play,4.0,,"Hi Team, Could you confirm if you have visibility into our stop-loss and target orders, and whether this data is ever shared with third parties?",2026-08-25,en
play-eff00472255a26eb,play,4.0,,Recommendation- option to sort sip by amount or custom arrange it,2026-08-25,en
play-7fea958732869685,play,5.0,,It will be more usar friendly experience to place mutual fund tab on the top just next to holding.,2026-08-25,en
play-c04f556d418f253c,play,3.0,,yaar seriously tumlog kya yaar sab sahi hai no account opening charges thik hai good brokerage charges for stocks vo bohat hai thik hai vo bhi thik hai app maintanence charges plus tumara profit obviously chaiye tumlogoko thik hai seh lenge humlog but main problem tumara refund process paise turant deposit ho jata hai lekin withdraw time itna natak Ek tho voh withdraw karne ka option gayab rehta hai after 24 hours something vo active ho jata badme withdraw karne ke time 2 din baad ayega paisa,2026-08-25,en
play-61daefc083ea96e0,play,1.0,,"Dont use this app, I found that I applied for the ipo, but on nse site, it is not bided. this is something different i observed",2026-08-25,en
play-bdcb612ac0c74f75,play,5.0,,ok I like the idea on the app,2026-08-25,en
play-b1488dd51d09cf11,play,1.0,,"Frustrating payment loop—money stays blocked but app says failed. Zero stars for payment reliability. Whether I use bank net banking, third-party UPI, or Groww UPI, it always shows a technical error/failure screen. However, my money gets blocked or deducted every time. What is the point of low brokerage if your payment service is this poor? Please fix this sync issue between the bank and your app.",2026-08-25,en
play-0712bd0537c695c1,play,1.0,,day by day going fraud not following rules,2026-08-25,en
play-68724d9c38bfe47b,play,5.0,,"Awosome groww had lots of problems *Main issues people are facing:* - App not opening / login failed during market hours - showed ""We are facing temporary problem, please try again later"" - Orders getting rejected even with balance, Demat balance not showing.",2026-08-25,en
play-f75edaadde9a491f,play,1.0,,this is a chiter very very harani India ko chhodu bananata hai,2026-08-25,en
play-7708593bf13b0b64,play,5.0,,Great app with a simple and interactive user interface.,2026-08-25,en
play-8cd5089270dcbf77,play,1.0,,"OFS cutoff time is 2pm, where in other platforms they provide till 3:30pm. very dissapointing and they are working on it.",2026-08-25,en
play-e2726c1581d7fc91,play,1.0,,very slow stuck in an emergency situation plz improve this,2026-08-25,en
play-b03d4ad7d105f6f6,play,1.0,,"worst customer support ever!!!! gives fake assurance, but never delievers!!",2026-08-25,en
play-bd3d6c5f34299ad4,play,1.0,,brokerage charges are more than net profits earned,2026-08-25,en
play-2b49bad87fcdf8f8,play,1.0,,charges is verry high many errors i delete groww 😏😏😏,2026-08-25,en
play-2b99a91ef38c1332,play,1.0,,very worst service because after taking trade the premium is not getting updated as charts getting updated and very worst customer support,2026-08-25,en
play-c14625a84b8afc04,play,5.0,,"Groww is a very good and user-friendly investment platform for investors. The app has a simple interface and makes it easy to invest in mutual funds, SIPs, stocks, ETFs and IPOs. I especially like the easy-to-use design, portfolio tracking and investment features. It is a good platform for both beginners and experienced investors who prefer to manage their investments themselves.",2026-08-25,en
play-5bab32debd7cdc83,play,1.0,,This app is getting worse day by day when I got few minor issues so I tried to contact customer care through chat but but even after waiting 15 minutes no one replied it keeps assigning to different different agents. will move my portfolio to other brokerage.,2026-08-25,en
play-cfa5dc34ad86b99a,play,1.0,,Opening the future and options tab every time I open the app.,2026-08-25,en
play-7774639204478ac6,play,3.0,,"dear groww app team my groww app is account has been showing on on-boarding is not allowed for close, Inactive and on boarded account so please help us.",2026-08-25,en
play-3355e83b3ac11776,play,4.0,,UI is simple and clutter free. Good one for the new investors,2026-08-25,en
play-ac3c5a20096cd146,play,5.0,,Easy To Use....Very Helpfull App...Thanks Groww App....For our Growth.....,2026-08-25,en
play-f01bf4ed3249d931,play,2.0,,all services good bus brocarge to hight choosh onther option,2026-08-25,en
play-c729a023665d73d0,play,5.0,,"Grow is a good platform for new investor, it's interface is very friendly",2026-08-25,en
play-885ed9eecd80d403,play,3.0,,"When I trade in stocks (intraday) chart doesn't show current position (p&l) and haven't given option to set stoploss and target on the chart, like other broker apps (except f&o). This is the worst thing I felt. Please provide the feature set target, stoploss and current position(p&l) on chart (both groww chart and tradingview chart).",2026-08-25,en
play-d04b3645cbb8c8fc,play,5.0,,"Works smoothly, is easy to operate, best app for beginners.",2026-08-24,en
play-46ef75eee85d1154,play,3.0,,please include to add sl and tp in commodities section too overall the interface is good but just add this few to make it even more better,2026-08-24,en
play-eb72d23e3a89f1fb,play,5.0,,"I've been using Groww for the last 3 years and overall I'm very satisfied with the app. One feature I really miss is the ability to set and adjust Target, Stop Loss, and Trailing Stop Loss directly on the chart. It would make trade management much faster and more convenient, especially for active traders. Hope Groww adds this feature soon!",2026-08-24,en
play-1205da122d84aa19,play,5.0,,very nice application used very well and very easy,2026-08-24,en
play-3389320b055ebd16,play,5.0,,Groww interface is very good. Is it possible to give the option to block F&O for the day after trade as it will help in control overtrading. It will be very helpful to control trading.,2026-08-24,en
play-a19837ce8bedf8dc,play,1.0,,"Being a 5+ year user, I think it’s finally time to uninstall Groww. The customer support experience has become really disappointing. I’ve faced multiple issues with F&O, and whenever I try to contact support, getting connected over a call is almost impossible. Even with emails and chats, tickets are being closed without proper acknowledgement or resolution. And please don’t reply here asking me for my ticket details. Please check my portfolio and account history first. Anyone else facing the",2026-08-24,en
play-d489835dfbc612e0,play,5.0,,"fast order execution is required , put and call chart seen at same time ,pls do for this as early as possible",2026-08-24,en
play-a79234a4678e8144,play,3.0,,"App is OK. Need one support from you guys - could you please show the purchase price per share for each stock in the portfolio section? Since we enter the sell price per share when selling, having the purchase price per share displayed in the portfolio would make it easier to track the investment and compare it with the current/sell price.",2026-08-24,en
play-460d060971416b73,play,1.0,,The reason behind giving it one star is today for intra day trade i purchased muthoot finance shares I was in good profit and market closes at 3:20 the rate i purchased was 3187.50 and I was on profit it squared it off automatically at 3189 and lowered my profit and the actual price of stock while it closed was 3199.80 so who is responsible for my loss u should give extra time to sell and why will u execute square off i appeal to all take out your investment from this app charges is high also.,2026-08-24,en
play-5ae62992a16ff201,play,5.0,,best app from this apps i am learning a lot and lot to learn,2026-08-24,en
play-809596311b906a5b,play,1.0,,ipo payment status not proper reflect and customer call not answer please customer not use this app,2026-08-24,en
play-bc3bd60fcdd8210f,play,5.0,,it's a good platform for beginners and its easy to understand 👍🏻,2026-08-24,en
play-7efa692e6e816cb8,play,1.0,,"I am extremely disappointed with this app. An amount of ₹100 was deducted from my account and shows up in my Demat wallet balance, but when I try to withdraw it, the withdrawable balance shows ₹0. To make matters worse, customer support has been completely unresponsive—I have been trying to reach an agent on call for over 30 minutes without success. Please fix these wallet and support issues immediately.",2026-08-24,en
play-aeffa64597aeeb61,play,1.0,,"This app is trash, use lemon for scalping, I haven't place order but it has been placed by app and exit too without any user knowledge, they are fraud who don't even respect their customer, use some good app because you will never get good customer support back if you face any issue with app related to money, app has been consistently showing random order failure during option trading time, and now they want me to record the video for it. stupid",2026-08-24,en
play-430e1579384936b9,play,1.0,,"3rd class app, crazy and mad developers updating app unnecessarily in ever few days. I use other brokers also but they have better app and also they don't give updates like hell like this stupid app. I will definitely change and delete my account with this broker and will use another one. don't deserve even 1 star 0 star for groww",2026-08-24,en
play-b9fcb8689507a8d1,play,1.0,,"Hi, Don't believe this kind of stock brokers, I have faced worst experience with this grow app. Actually I did not placed one order, but the order was executed today (24-08-2026). Here I don't have option to upload any files, Otherwise I will show you, what kind of game these brokers are playing.",2026-08-24,en
play-58b20f60eec0f785,play,1.0,,I can't log in the app. it's struck in allow permission page. I gave all permission but it didn't went through. worst customer AI service,2026-08-24,en
play-cfe5ea55de04b76e,play,1.0,,"Be careful!! This app shows a lower Avg buying price from the price you actually bought at, under your Holdings section, in Delivery orders. It thereby encourages you to sell at a lower price or less margin. This way u loose net money in the sale, since sell when price is lower too, but Groww makes money on brokerages. Effectively u are losing money. Since most Groww users are not exactly regular traders, we dont keep track of the exact price we bought, and Groww cheats its customers this way!!",2026-08-24,en
play-4e362c12aef08545,play,1.0,,worst thing that you guys did was to remove the search history now you guys display only the last 5 stocks i searched for also to find the watchlist is hell lot of steps how will I remember was I last searched for like 10-15 stocks ago. PLEASE BRING BACK SEARCH HISTORY,2026-08-24,en
play-be1cf7a7f085cc81,play,3.0,,"I am getting the option to ""Add Family"" in the profile section.",2026-08-24,en
play-2c8adef354acdb33,play,1.0,,The Broker eats all F&O profits not suitable for Retail F&O.,2026-08-24,en
play-c7e4171df58c9328,play,1.0,,"another 1 star, have applied for multiple IPOs but haven't received for upi request for any of those from last 3 hours this app silently deducting brokerage charge even if the transaction is unsuccessful. people need to pay attention on this. why it forcefully asking to approve autopay if I don't want to, for sip installments?",2026-08-24,en
play-ad5b761c9f79b41f,play,1.0,,I can't log in the app. it's stuck in the allow permission page. I contacted a customer service representative. he is a waste fellow. he didn't help and he didn't know about the app. time waste. now installing zerodha app,2026-08-24,en
play-5d3593b3833c6528,play,4.0,,"Feature Request: Add Application Number and IPO Name in UPI Mandate Descriptions When applying for IPOs, the incoming UPI mandate requests on banking/UPI apps (Google Pay, PhonePe, BHIM, Paytm) often show generic merchant names or lack clear descriptions. ​When applying for multiple IPOs or using multiple accounts, it becomes difficult to identify which mandate belongs to which application.",2026-08-24,en
play-0b261f0a1aa92ad7,play,1.0,,ticket ID is 27417551. pathetic after support. They will not help you when your transaction is stuck. The amount has been debited and not blocked from my bank and IPO is still not reflecting as allotted. However in UPI mandates it shows as completed. IPO name Shankesh Jewellers. Never install this app. There are better after support than these people. I am still struggling to find the IPO as amount has been debited.,2026-08-24,en
play-32984063d34c3b69,play,5.0,,"wow...great for me & very easy to use ,fast n secure.",2026-08-24,en
play-2cca8bfe0c4687fc,play,1.0,,customer care survice is too much worst. they can't help a little to customer,2026-08-24,en
play-3a9a4d075a5553b6,play,1.0,,"This is a completely useless application. If you apply for IPO, the status does not get updated and if you trade, you cannot get entry first and then if you take entry, you cannot exit the trade, And gives time for OFS only till 2 o'clock.",2026-08-24,en
play-43ff4ffce8a2a4ba,play,5.0,,ABSOLUTELY ONE OF THE BEST INTERMEDIARY APP FOR INVESTMENT.,2026-08-24,en
play-b661c1e1f35938de,play,1.0,,customer support is worst long waiting time and no resolution i found,2026-08-24,en
play-b86b5568fc6e8287,play,5.0,,Good platform but you have to use Brain 🧠,2026-08-24,en
play-c3df29541532ae45,play,1.0,,"customer care is not responding, while creating , setup account accidentally I selected some wrong options so I left the from the complete setup and, reset the process, from that till not open app from 2days . it showing your journey reset in progress 😒",2026-08-23,en
play-165afe1ea6bd9b74,play,1.0,,poor service very bad service profit 100 rs 20 to tax and 40 brockarage and after that some hidden charges profit 0 loss 100 %,2026-08-23,en
play-d1d29c6c1f6c6940,play,5.0,,nice chart 📉📈 and opsan chain ⛓️‍💥 bat high brocreg,2026-08-23,en
play-b14464cb10ec1435,play,4.0,,"I have been using the Groww app and so far my experience has been really good. The app has a clean and simple interface, which makes it easy to navigate even for beginners. Finding stocks, mutual funds and other investment options is quite convenient. I also like how the information is presented in a simple and understandable way. Overall, Groww is a user-friendly platform with a smooth experience, and I would recommend it to anyone who wants an easy-to-use investment app.",2026-08-23,en
play-c536597f74fcab68,play,1.0,,"Worst App, The Kyc takes lot of days worst experience",2026-08-23,en
play-35894442b27d8414,play,5.0,,One Of The Best Trading Platform In the Industries of Share Market !,2026-08-23,en
play-8166083f827aef70,play,1.0,,pathetic app auto installing itself through YouTube ads. just pathetic.,2026-08-23,en
play-71457740709f3b92,play,5.0,,Extremely easy to use. Very user friendly interface.,2026-08-23,en
play-a55fa1221929d7b2,play,1.0,,not able to operating app its not getting open after permissions stage keep crashing in loading loop.,2026-08-23,en
play-450bc370a50bde1c,play,1.0,,bad brokrage tax very high sahi best ap h isse,2026-08-23,en
play-7aa82f66182a5e3f,play,5.0,,"Feedback: Groww app ka interface simple aur user-friendly hai, lekin trading experience ko aur better banaya ja sakta hai. Intraday traders ke liye order execution speed, real-time price updates aur chart performance ko aur improve karna chahiye. Brokerage aur other charges ka complete breakup order place karne se pehle clearly dikhaya jaye to users ke liye transparency aur badhegi. Saath hi, stop-loss, target aur advanced order options ko aur easy aur fast banaya jaye. Overall Groww ek achha",2026-08-23,en
play-37d1da07590dfad5,play,5.0,,I Love you Grow... I wish you keep Growing and so grows our future...,2026-08-23,en
play-ea71e1256593a414,play,5.0,,groww app good experience all funds excellent app thank you 💓 grow app,2026-08-22,en
play-fe946e41bc7cd4e8,play,1.0,,"Main Groww app se bahut zyada disappointed hu. Pichle 15 din se mujhe 2 badi technical problems ho rahi hain, lekin support team ki taraf se koi help nahi mil rahi: Commodity Trading Problem: Commodity trading activity kaam nahi kar rahi hai aur baar-baar ""No account found"" bolta hai. IPO Payment Fail: IPO apply karne par jab bhi UPI PIN dalta hu, toh payment nahi hota aur fail ho jata hai.Maine Groww chat support aur call team se kafi baar baat ki, par wo koi help nahi karte.",2026-08-22,en
play-fe7729fc9173ae33,play,1.0,,"please update your indicator. if you don't update your indicator, i will find another broker for trading. Your indicator is not so advanced for trading.",2026-08-22,en
play-064735cbfac1fcca,play,5.0,,"great app so far. I've been using it for the past few years and it's the best investment app for me till now. the only thing where I waste my time in the app is that everytime I have to see my notifications of target price reached, I have to go out of the app and come back again to chect the next notification. earlier it was very convenient to see all the notifications consecutively without going out from the app. so it would be good if you can kindly bring back that option again. 🙏",2026-08-22,en
play-43f6e2f811fa3f9c,play,1.0,,App shows permission issue even after allowing permission,2026-08-22,en
play-a197f6988c53049d,play,5.0,,very nice information and the best investment platform.,2026-08-22,en
play-2c39bdb22340e15c,play,5.0,,good to work in and simple to use,2026-08-22,en
play-948a05e00342ac65,play,5.0,,superb and also do gesture as did earlier like grow tea shirt,2026-08-22,en
play-aef212bb8bf49567,play,5.0,,best app application ficture and options and IPO,2026-08-22,en
play-6818e4d35bbe99e5,play,5.0,,"easy interface, detailed analysis of companies and many more.",2026-08-22,en
play-f104dd60b2ad549e,play,5.0,,"⭐⭐⭐⭐⭐ Great app for investing! The interface is simple, smooth, and easy to understand. Very convenient for managing investments.",2026-08-22,en
play-0178e87614f0ef17,play,4.0,,"nice experience with this app very nice app, very smooth to use,very fast processing.orders so fast process.",2026-08-22,en
play-4e21a061004a732b,play,5.0,,"Really nice, Using this app from last 5 years",2026-08-21,en
play-893f605ba284646d,play,1.0,,It's froud aps u can't fund transfer to other bank SBI security is best aps.....,2026-08-21,en
play-6e1a422998303ec4,play,1.0,,after SIP canceled still take charge for SIP bounce.,2026-08-21,en
play-eebbc1a3b96eb232,play,1.0,,I'll give 5 star when they introduce heatmap.....,2026-08-21,en
play-344c714c7ea27323,play,5.0,,best app and must try to invest our money easy to return,2026-08-21,en
play-0e596c989d544a66,play,5.0,,it is very superb experience and it is very clear and easy to trade,2026-08-21,en
play-67956f09cebd21ff,play,5.0,,it's very usefull and very good app it's better to grow business,2026-08-21,en
play-d200bcd24a0ca3ce,play,5.0,,Great platform even for beginners to invest in stock market,2026-08-21,en
play-fb791df7222ad536,play,1.0,,Redeemed portfolio still showing after 1 month. Worst response from Groww support team. Not fixing it.,2026-08-21,en
play-4121342e184f61e0,play,4.0,,hi. I am facing some kind of techonical Error in adding money to GROWW from my saving account. ... Facing problem from last 8/9 days.,2026-08-21,en
play-0d252deccdc92354,play,5.0,,one of the best discount broker ever had in india,2026-08-21,en
play-56f9db873e467af4,play,5.0,,in 4 years its gud experience with this app,2026-08-21,en
play-2c2d2531df04914b,play,5.0,,niftybees candle chart not open please do something,2026-08-21,en
play-a4729136c5ec6b4e,play,1.0,,pathentic customer service. on chat no reply/ no resolution/ no response. if you call some agent delete call and not callback. few persons answer call.,2026-08-21,en
play-0817192bfc2eecea,play,1.0,,switching to lemonn app ..as the brokerage is very high and the interface has become laggy and doesn't work in the critical times.,2026-08-21,en
play-30e96248b50fdc40,play,1.0,,not working in my phone after allow permission button page not proceeding,2026-08-21,en
play-b83d5ab6fa83b829,play,1.0,,App is good but its take very high charge in buy and sell two times take charges,2026-08-21,en
play-566d90b480054ee6,play,1.0,,Add payment doesn't work it shows unexpected error since 1 week and the customer support doesn't even bother to help they don't respond untill we get frustrated and then when we leave due to no response these guys are closing chat,2026-08-21,en
play-599816c2e0c47a92,play,1.0,,bad application..option premium not open in different time fream,2026-08-21,en
play-1a197817c62cc4fb,play,5.0,,I like this app and easy to trade And trading view also have there I'm happy😊😁😀,2026-08-21,en
play-2d7356b441c29089,play,1.0,,Sell karne ke time panding me chela jata hai ore sell nahi fir lose hone ke baad sell hota hai kya kare ! Aaj Banas 132 ka sell Kiya ore our sab etc etc share bt sell he na Howe Abe Monday ko ore kimant lose honga. . iska koi solution do company ko buy karna chaiye groww ko customer police hai customer happiness is everything . Me our mare 32 Firends use kar rahe hai unme se 25 ko esa huwa fir sab dusre application ko use karenge .. i Hadley request you iska koi solution lao jaldi 🙏,2026-08-21,en
play-664d58c87790ab33,play,5.0,,easy trading flatform and more options for smart investment overall good app,2026-08-21,en
play-0936d26c7d664598,play,1.0,,"After recent update, This app is not showing correct MF balances and not working as expected.",2026-08-21,en
play-92f0d7741ce31134,play,1.0,,Demet account do not open . why? ans __groww demet close option not available in app and very unusefull link send by groww and without permission many of mail send but closeing of demet are not available....,2026-08-21,en
play-4799432b5ebaa638,play,1.0,,"Very worst app, i joined via Attapoll app. This app devoloper offered joining reward, but they did not credited promised reward. I submitted proof in Adscend Media form. They said me Groww team not approved your reward. it's mean Groww team is cheated me. Really disappointed, very very shame on you Groww team.",2026-08-20,en
play-224b2174855e02ea,play,1.0,,"Worst ever experience, you guys are thieves i mistakenly chose the MF prime plan, now I can't revert back to Classic plan. no OTP is coming, either in sms or mail",2026-08-20,en
play-1939ece0fe6dab0a,play,1.0,,I am getting a discrepancy in my funds amount . When I cross checked with amc website I found the amount is much higher on AMC websites . Customer care doesn't respond to my calls nor the chat option is working.,2026-08-20,en
play-18df964616fc759f,play,1.0,,I don't see referral option in my groww app. Why is it? Says update the app and it shows groww app is upto date.,2026-08-20,en
play-25dac5f19bc69153,play,1.0,,I am writing to bring to your attention a technical issue I am facing with chart pricing on your platform. legging chart note fast app very slow uploading chart I am use best Wi-Fi jio wifi and airtel WiFi but your chart is very slow loading,2026-08-20,en
play-09a5312e43909cc6,play,5.0,,groww is easy to use with a good interface,2026-08-20,en
play-d1a22cbcf613b9dc,play,2.0,,I am trying since yesterday but I can't go through new issue,2026-08-20,en
play-0154a5290909c8e9,play,5.0,,"it's very easy to use and understand the all trading details and you can easily invest, sale & purchase your share as well as mutual funds. and most important thing is to pay your SIP without skipping",2026-08-20,en
play-783c6db1dfb7e0ac,play,1.0,,"As per the ads thinking that the app is user friendly, started using groww app & its been 3 months. I have been using zerodha for the last 5-6 years. I found zerodha is more user friendly than the groww app. I place the order ""limit"" option but execute with the ""market"" option & incur me the losses. I faced this issue twice in the last 3 months. Not just this problem, there are many more issues in UI wise. I use paytm money & zerodha as well. I recommend any other app than this worst GROWW app.",2026-08-20,en
play-a2d4693f137d0920,play,4.0,,in scaling mode we not able to use trading view chart,2026-08-20,en
play-8c22162c8a053c3b,play,1.0,,"useless app. web portal and customer care sont access the same database. new user onboarding experience is pathetic. even after successful kyc completion, their systems don't reflect what was done on website. a platform that can't even handle new customer onboarding right, not sure has the capability to handle trading and financial transactions right",2026-08-20,en
play-228654021cda2e60,play,4.0,,Lot of options well arranged for ease of selection and execution.,2026-08-20,en
play-4356e447b016f128,play,5.0,,"hmm good platform to invest in and it's interface is easy to use,",2026-08-20,en
play-d22521b920a168ba,play,3.0,,"Overall a Good experience, it's has improved alot now. But should add ""Return Value - Total & Days change"" just as it's available in Moneycontrol portfolio section alongwith %change. thanks 👍🏼",2026-08-20,en
play-756cafd183d1c858,play,5.0,,nice user friendly. but in mf break down investment needs.,2026-08-20,en
play-43d66bc6bee8a7ea,play,5.0,,this app is very nice and good experience in the world the All,2026-08-20,en
play-f6f65d231cd5a2a3,play,3.0,,Unwanted notifications. Order sometimes switches to bse automatically. Now showing other unwanted stocks in holdings page.,2026-08-20,en
play-9fe521f7fb8740f8,play,1.0,,"chor company hai,,, worse app,,swip your hard earned money",2026-08-20,en
play-751d9700fbf72dda,play,1.0,,"worst aap for trading, when buying it always busy higher and while selling it always sells lower than market. it has happened with me like 8-10 times.",2026-08-20,en
play-132a5393e030ba08,play,5.0,,"please add chart me camarilla 5,6, Leval indicator-condition alert add kro",2026-08-20,en
play-f4f190a7ea258680,play,4.0,,"I downloaded the Groww app and completed the registration process. However, when I reached the “Allow Permissions” step, I allowed all the required permissions, but after that, the app is not opening or proceeding further. It is stuck on the “Allow Permissions” screen, and I am unable to continue the process.",2026-08-20,en
play-8aff5cf6f8782945,play,4.0,,is forex trading available on Groww? I tried for Dow but it's asking me to login again through email/google. Is this how it was intended to be?,2026-08-20,en
play-69d0c062d10ad7e4,play,5.0,,best trading app for every trader. I sugges to every trader can use this app without hesitation.,2026-08-20,en
play-001c5c0fbd69bd9f,play,5.0,,I was a newbie in share market groww helped to open demat account in minutes. user experience is such a great even for new user.,2026-08-20,en
play-c242f7553d5d3a50,play,1.0,,Why do you update this app every day? You should improve the Play Store update process and release updates at least once a month.,2026-08-20,en
play-407f56af29f91513,play,2.0,,"I modified the order 3-4 times , but it didn't work.Finally I placed at market price , which usually place at more high price, need to fix this issue.Prop firm get benefit by this, small margin, and we retail trader loss money , because of this kind of issues.",2026-08-20,en
play-dd1df209ba77ff19,play,1.0,,"Giving 1 star just because I tried a lot to skip my sips for a month and it shows it can be done 2 days before sip date, but even before 2 days it doesn't work. I recently got operated on my knee and I'm not able to go for work due to which I'm facing financial issues and just need one month to get back on track and so tried to skip one installment but the useless feature doesn't work. So I urge users to think before you install this app, as in emergency groww won't help you at all.",2026-08-20,en
play-ca454f5be5ea7e13,play,5.0,,very good platform all broking and wealth product,2026-08-20,en
play-d84c742fa6b3cdb2,play,1.0,,"I called the helpline number regarding a problem. They kept me waiting for 5–10 minutes, but still no one answered my call.",2026-08-20,en
play-8bec3a13513564d4,play,1.0,,with latest update app not working properly. app getting froze when I open charts of etf but for stocks working.international indices are not getting opened.,2026-08-20,en
play-32a75e70c84a1e03,play,1.0,,"very High brokerage charges 1 F&O ORDER Pe ₹71, 20+20+31 not recommended",2026-08-20,en
play-0903556910f1a609,play,1.0,,"Enable Login Otp option - via Email also @ not only via mobile otp . Most sims ( networks) are not allowing otp if recharge expired and we are forced to recharge - and such times we are facing problem to login to groww on new devices. Other Apps like Dhann, Upstox etc providing both Mobile + Gmail Login otps too. Only Groww is troubling without any customer friendly improvement. If this continues - will close all groww accounts. #Enable_Emailid_Login_Otp's_On_Groww read again",2026-08-19,en
play-30c9b0b114441f8f,play,5.0,,need more filters or ai tools in built,2026-08-19,en
play-291f24892dcaf204,play,5.0,,so very user friendly. infos and updates are useful.,2026-08-19,en
play-1d744b11efa8e228,play,5.0,,its very useful and helpful to save and increase your personal pocket money and feature investment plane,2026-08-19,en
play-01ab544759b63024,play,1.0,,ale fraud h ye. I placed order of buy however they sell my all quantity without placing any sell order. very serious and fraud activity done by groww.,2026-08-19,en
play-4aae040681f50cb2,play,1.0,,Very very bad not working properly and Bank nifty ka details not clear 74000 I am losses in 2024 to 2026 and not updated properly very very bad and God aplication angle one,2026-08-19,en
play-e127ccceb151c9df,play,1.0,,"Dear groww, Worst app always i have profit for 2500 but app was automatically refreshing get stuck my loss happen due to groww app  I want to raise complain groww",2026-08-19,en
play-f02939f0fc6e65cc,play,5.0,,very fast and easy to use for beginners and so many options are available for advanced people,2026-08-19,en
play-c8d8e242456e1a76,play,1.0,,New version getting stuck after a few scrolls.,2026-08-19,en
play-52654785a30d9efe,play,1.0,,just a epic waste of time ..one chat with customer support is being reassigned to 5 people ..are you guys joking,2026-08-19,en
play-e557d9286601b0c8,play,1.0,,i raised my complaint against account deactivation customer support told they will resolve the issue within 2 days it has been 3 days since the issue of deactivation has remain the same now i would suggest avoid this app so that you dont have any inconvenience in future. Also the customer support is not having the conplete knowledge about the issue raised.,2026-08-19,en
play-9f41cf6f558d76ee,play,1.0,,"your customer support is such a waste a single conversation of three lines is being continued for one hour with four person reassigning each other to solve the problem ..you guys are a waste of time people should not trust you with money , with such a customer support.",2026-08-19,en
play-92b27b6cee384b05,play,2.0,,Bonds interface is too difficult to understand . I can't even view my portfolio,2026-08-19,en
play-efd1270b5f12bcd7,play,1.0,,never use this rubbish app for option trading one of the wrost broker and very bad customer support they will completey ignore you even 1 star is bad for this broker.,2026-08-19,en
play-0da53c79dbe81d95,play,1.0,,"Very bad experience. Too many hidden charges.... interphase is Good. But Not for intraday or small investors. Stop loss , Target price won't work when you need it. It stops working or won't be executed if the user volume is too high",2026-08-19,en
play-f44e153f4915701e,play,1.0,,Dilip Hatiambire very nice aap fno trading &intraday trading good for market analysis,2026-08-19,en
play-3fb841da9c760a46,play,1.0,,please provide daily and weekly sip option..also swp and stp options are missing,2026-08-19,en
play-362385fcf3881db1,play,5.0,,best groww app Best fichar I love 💕 groww India,2026-08-19,en
play-f82f4d9bb7be5e50,play,5.0,,"good experience, very nice application for support system in income",2026-08-18,en
play-735ea244ec800c0b,play,5.0,,Do introduce gift stock options in the app,2026-08-18,en
play-0724c5d68d783e61,play,1.0,,Every 2 days the app needs to be updated. what happened with the app? I don't understand why so many times the app needs to be updated.,2026-08-18,en
play-00e045940e502afb,play,1.0,,they are idiot my pnl of fno is not showing i mailed them called them and they are not fixing this pathetic app,2026-08-18,en
play-c6622c1ff808bd18,play,1.0,,what a worst customer service in grow I tried to call and tried in chat. Nobody solved my issues,2026-08-18,en
play-a2155977ee098e79,play,4.0,,"Excellent app. User friendly. Add max returns option along with 1Y, 3Y and 5Y in sorting of returns",2026-08-18,en
play-37155bd1519aea80,play,4.0,,please add a detailed view in the portfolio.,2026-08-18,en
play-f15318814f9c1db5,play,1.0,,How to Start SWP from Groww app in my ongoing MF?,2026-08-18,en
play-8086c10e4b26687c,play,5.0,,"Easy for beginners , good ui , very responsive great experience",2026-08-18,en
play-aa9204df0d293cdd,play,5.0,,"Complete trading app, mutual fund, f&o, stocks, and very fast and smooth app, fast execute, intraday trading best, market analysis all in one app Groww",2026-08-18,en
play-07d0a2bfca1a6b05,play,1.0,,ye app download hi nhi ho rha Or phn m se automatic ht gya,2026-08-18,en
play-a0588905ba93b5f4,play,5.0,,app working is good but brokarage is highly,2026-08-18,en
play-70cc2c9e92d0be3f,play,5.0,,app thik h lekin trading me jo charges/fee tax lagta h vo thoda kam hona chahiye.,2026-08-18,en
play-1d9765085f2c7741,play,2.0,,"I don't like the loan app segment. Anyone who wants to enter the stock market doesn't need to take a loan, so I think this loan segment is useless.This icon is lying there like a useless wart, it is of no use, please remove it from here.For those who need a loan, there is a separate app for them, they can download it from there.",2026-08-18,en
play-4539205380e9685b,play,5.0,,Excellent app for makin investment... if 10 stars ⭐ available . I give 10/10 stars to this app... thank you groww & your team for making investment simple .,2026-08-18,en
play-8abbdac788ff34c5,play,5.0,,My Go-to Investing App. Secure and Smooth.,2026-08-18,en
play-c57a60135ceda1de,play,5.0,,fix problems likha aa raha hai not download this app,2026-08-18,en
play-dbd7f1ac0a53573e,play,1.0,,"Your app gets stuck far too often at the time of trade execution, and even after setting a profit/loss limit, the order does not get executed automatically. I have incurred losses so many times because of this issue, especially while trying to book profits, that I am extremely frustrated. At this point, I honestly feel like approaching the Consumer court.",2026-08-18,en
play-5a39e16a97e9313d,play,5.0,,I want to use the newly added switch option. Please enable/upgrade ASAP.,2026-08-18,en
play-8afb2db38c875d32,play,1.0,,This app is not transparent about the funds you store.,2026-08-18,en
play-651858301ce00541,play,5.0,,Easy to use and charges are also less than other.,2026-08-18,en
play-8311354f559fa2f0,play,5.0,,"Grow is best platform for Stocks and SIP, mutual funds.",2026-08-18,en
play-22b759a1323e1113,play,5.0,,Your updates are all good. Suggestion: Provide Volume incator in all index charts.,2026-08-18,en
play-b90bdeaec67aae14,play,1.0,,why Goldbees and SilverBees Chart not Open .....Worst app.... Zerodha Best.,2026-08-18,en
play-84a65c5cdbedfc07,play,1.0,,worst experience with this... I'll stop using it soon.,2026-08-18,en
play-f43335976a7bb48a,play,5.0,,Too much wait time to talk to customer care,2026-08-18,en
play-ae8e782f3b3bf3d5,play,5.0,,"excellent, but seems like little bit glitches or late refresh in the daily changes of prices in portfolio",2026-08-18,en
play-494a8f6e75112f39,play,3.0,,problam in front size very smal and. can read news in hindi ..,2026-08-18,en
play-78e4f1dc5d759987,play,3.0,,keep simple and big like before. dont do these UI changes frequently.,2026-08-18,en
play-b1c3cbd69efc181b,play,3.0,,some glitches are there in charts when we open chart and check candle it shows correctly and when we go back and open charts then check candle it some when some where again we repeat it then it shows correctly please fix this problem,2026-08-18,en
play-59598db901005f9e,play,2.0,,No option to add bookmarks of desirable IPOs,2026-08-18,en
play-c24a6f3c59cce694,play,5.0,,please unfreeaze my groww account please help me Gmail pr no sms aa rha hai . unfreeze karne ka sms nahin a raha hai email please help me,2026-08-17,en
play-02f661c0a67815cc,play,4.0,,not work to In dubai this app. I'm dubai now,2026-08-17,en
play-be97b632ef29acff,play,1.0,,automatic share gayab ho jate hai worthless app,2026-08-17,en
play-d28d51dec54226c0,play,5.0,,very safe app and this is good app,2026-08-17,en
play-9c3334ead988623c,play,4.0,,I changed my review after using this app for more than 7 years. Now it's almost completed. One thing to suggest is that please add all indicators which are available in the trading view. or give access to the punch order directly from the trading view.,2026-08-17,en
play-582610c018b4e2cf,play,3.0,,ai asking not showing also in ai query rsi is showing 1 day old data it should be live data,2026-08-17,en
play-8bd5d5480d8b6606,play,1.0,,"Nowadays there are more flaw happening in the app. no proper response over phone. the person who is attending the phone call is telling the same thing without any solutions. If the margin is less, auto square off should be informed atleast 12 to 24 hours. when we are in loss the autosquare pulls all the premium. when I called the support team, it is like that only. no one replies properly in emails or over calls. i have been using this platform for more than 5 years. I never recommend this app.",2026-08-17,en
play-be4be39ee6f2650a,play,1.0,,please please delite the groww app and delete your account withdrawal problems please delite the application,2026-08-17,en
play-96b9e496bf2b6c05,play,3.0,,It would be beneficial to have a landscape view available for tablets.,2026-08-17,en
play-00aa3519ed7153a3,play,1.0,,ye aap bhot slow chal rha tha mera loss ho gya ess app ki bjha se.,2026-08-17,en
play-9cb33b3a0c15c257,play,5.0,,excellent app other app. really no. 1 app,2026-08-17,en
play-64495494ab647009,play,5.0,,"With respect to speed and UI, I find this app gives a more smooth trading experience than others.",2026-08-17,en
play-6f4e684dfcbfe0d1,play,1.0,,The quality of app is decreasing day by day . Why is there no feature of gifting shares,2026-08-17,en
play-3849e5cc7ce5a264,play,1.0,,"after latest update app is not functioning properly, its became slow and low response",2026-08-17,en
play-474ea49859dec5cc,play,1.0,,poor customer care. no call receive or massage. last two days my mutual fund transaction was canceled but i try to inform why my transaction canceled ? the customer service zero not received any call or message,2026-08-17,en
play-e925ac7f3486e5f2,play,1.0,,firstly lookes all good and profitable but going on get looses every time. when u invest it get Down and when u sell after it get raised . Don't trust .,2026-08-17,en
play-023418c5d3b6f0fc,play,1.0,,They will give people a lot of profit at first and then they will rob people of all their money by giving wrong signals.,2026-08-17,en
play-222733c4714c0ab3,play,2.0,,app me multi account login krne par switch account work nhi kr rha hai.,2026-08-17,en
play-7f239697cb7869d8,play,5.0,,waah esey to use in traeds and F&O,2026-08-17,en
play-61100aeda9a9eb26,play,5.0,,Only thing is that you can improve on user interface in mobile app. Otherwise experience is good,2026-08-17,en
play-0ac857fe0fc8eca1,play,5.0,,Best app for a share and mutual fund..,2026-08-17,en
play-4882836c8398283b,play,2.0,,how to execute algo trading is not made understood in a layman language. In the application itself there must be good ideas for buy and sell both for cash as well as FNO market.,2026-08-17,en
play-ef2ad7d82892bf16,play,4.0,,it's very good platform to invest money 💰 thanks groww application,2026-08-16,en
play-df5dedd44cc1d7c9,play,3.0,,"i have added a few mf in the cart but I don't see the cart icon anywhere. Now, I don't know how to open cart page and proceed with investment. It seems like major UI glitch in new version if the app.",2026-08-16,en
play-a238d72a6a610750,play,5.0,,super trading app world best groww stock please you are try trust me,2026-08-16,en
play-d7c314cc9e9e29e9,play,5.0,,Groww is a simple and user-friendly investment app. Easy to use and very helpful for stocks and IPO investments.”,2026-08-16,en
play-8f054935bb00731b,play,1.0,,this app is useless I invest in sip money debited but but didn't allotted and money is also not refund and when I call customer care they didn't pick the phone don't invest in this fake app .,2026-08-16,en
play-494c1de20d6c5357,play,1.0,,"It is 5th day after the app install, KYC is pending is showing, when i click submit documents, it is showing please try again later always, since angel one order processing takes time, i thought to try grow application, but it is far behind. Ticket number is 27308487",2026-08-16,en
play-b9903dd3311de8a2,play,5.0,,User friendly app very easy to purchase mutual fund as well as exit,2026-08-16,en
play-6b8030ad3ca6b6a3,play,1.0,,don't install very bad show app loss 70000 this intraday,2026-08-16,en
play-3ed0f9a1ae3f8b14,play,1.0,,"remove the button(Direct click) of ""activate F&O"" and ""TAKE A LOAN"" from bottom of app. everytime I switch between pages of stocks and mutual fund, accidently click on it..",2026-08-16,en
play-5ee47791563e8a8c,play,5.0,,its totally securable appp and almost given you better experience..,2026-08-16,en
play-e8b0167000b462a3,play,5.0,,"The user interface is so simplified , I'm in love with this app .Most importantly the Groww app gives instant withdrawal within seconds money gets deposited into your accounts. Their servers are also top , never had a glitch while trading .The icons of stock are so unique and specific .But the groww app needs to work on the charts section",2026-08-16,en
play-ba5b56aa1c7322fa,play,5.0,,uss less app I stop use but they also increases money in negative and told pay right now use very bad don't download this app. this app only make money in your pocket,2026-08-16,en
play-da20df5435759a6b,play,5.0,,"app good. service good. transection good. all good but broker charges very high, other wish I love this app because as will as part time job for me 😊",2026-08-16,en
play-04eca2b9e3d6c3a4,play,1.0,,"kyc process takes longer than usual time, now sent closure request before 2days,again on waiting, no reply of msg,mail and when call, IVR keeps you on waiting and after5 minutes call ends,and also no follow up for my request from their side, i just UNINSTALLED the APP, worst experience...",2026-08-16,en
play-023a4613d476afbe,play,3.0,,in alert there is no any notes options and tone,2026-08-15,en
play-4c55b76037201046,play,1.0,,"Many important changes reqired, User friendly not there. , There should be add and remove settings for the Option Greeks as per user desides set on the page and also which is occupied full of space and data is not updated in time that shows same numbers always Another PCR value must be visible on the upside of the each page each sector. Speed needs to be improve lot. Data not updating time to time. Most of the time Change in OI stucks with sams data for long time. etc, etc,.",2026-08-15,en
play-002c9e9b964c03c4,play,5.0,,"thanks groww maker's and team for make a easy to access, india stock market... love support and respect your dedication and service.... recommended application for India stock market like stocks buy sell ETF s and All service....",2026-08-15,en
play-c507a3c67b73385f,play,2.0,,very poor i need is normal not any changes,2026-08-15,en
play-92494a99bc5aaee0,play,1.0,,"my stock portfolio is showing wrong information and i shared screenshots multiple time with customer care representatives both from pc login and mobile app screenshot, yet customer care is unable to fix my problem, all they do is they forward the complaint and forget about it. a person named rohit closed my complaint twice without even saying something, he sent me pre typed messages that i have to clear the cache of app and reinstall it. ticket id 27281436",2026-08-15,en
play-f709ae906ce57a6e,play,1.0,,if you want to lose your money you are most welcome in groww app. groww is taking 20rs. per order so many apps are not taking brokerage like 1. flat trade 2.shoonya these are good app for expert zerodha,2026-08-15,en
play-ade578c0e04a8b04,play,5.0,,very good but can it be in the trading view also to get connected to it,2026-08-15,en
play-15874beaaa139463,play,5.0,,I would love to have a demat account,2026-08-15,en
play-53e8733e46488b0d,play,1.0,,"Started using Groww for mutual funds and stocks just 2 days ago, and already disappointed. There are hidden charges on small, small services that aren't clearly disclosed upfront — feels misleading for a new user. On top of that, the app isn't very convenient to navigate, and customer support has been slow and lacks proper knowledge to resolve issues. Within just 2 days I've decided to close my account. Would not recommend to anyone looking for a transparent, user-friendly platform.",2026-08-15,en
play-ab8b9b73c667c3b4,play,2.0,,groww app used to give platform for fixed deposit. I invested in fixed deposit through it and now it is not showing in groww app ....and they are not even responding ....they are saying to go to bank ..bank is saying go to groww app. nor their customer support is knowledgeable enough to answer questions. my money is stuck. not expected from such big name app. my ticket is 27208454. I have already sent email and they have generated ticket but no action taken nor they have replied,2026-08-15,en
play-5c38b7ff0053a8c9,play,4.0,,last few experience with groww is very comfortable.,2026-08-15,en
play-b1a731dd80d9c79b,play,1.0,,selfie verification while login is not possible when u logging again and again it should be removed,2026-08-14,en
play-f97e4109cb188335,play,5.0,,This app is easy for me to use and I am happy,2026-08-14,en
play-a959b844b45bac39,play,2.0,,"There is a serious glitch in 'Portfolio Analysis' feature since last many updates, and its a serious matter. Correct it or I have options !",2026-08-14,en
play-02b3cbc1f98f2855,play,1.0,,Data protection is absolutely worst with this Broker. They will sell your personal information to scammer. I have been Using Zerodha for the past two year. there is no single event of Spam calls regarding trading advice. But After I installed and opened account with Groww I constantly getting spam calls. This is very disturbing behavior from this broker.,2026-08-14,en
play-f8255485dc97003e,play,4.0,,groww is safest platform for trading mutual funds and intraday trading,2026-08-14,en
play-31f408b3661c2a53,play,1.0,,it's been more than a week i placed a lumpsum order in MF. still in progress only. money locked with them but no funds allotted. customer support is waste. they only raise tickets which also remain open but no solution. Choose any other app. Not this.,2026-08-14,en
play-21d225359ceb0de4,play,3.0,,"Irresponsible customer care response. Why I'm not getting UPI mandate notification, I missed my IPO allotments because of your worst UPI service. No notification no information on where to approve atleast.",2026-08-14,en
play-94f8c822053de504,play,4.0,,"fast but, not up to date with time occasionally even to the hour ,to the minute or second is never.",2026-08-14,en
play-8fa7f4cc536f1f60,play,1.0,,"Brokrage high , worst application. Don't use this application.",2026-08-14,en
play-a07d0ee51dc789da,play,5.0,,best app for trading it's so cool and helpful,2026-08-14,en
play-f1ccf561160c76da,play,5.0,,Grow App is a good and easiest app for trading.,2026-08-14,en
play-e6b9de7abdcf39a4,play,4.0,,kindly make review & feedback options available on app. this app have few problems to be fixed but I don't know how to give you the feedback.,2026-08-14,en
play-1f12f14119e2ef32,play,1.0,,sub index upar niche Ho chuke hain aur stocks bhi market cap wise nahin a Rahe,2026-08-14,en
play-d8d450d5cb60b1b6,play,1.0,,"hello, I have been using this app for the last 1 year and everything has been going smoothly and well in intraday trading but, from July 2026 this app is taking too much brokerage I don't know why?? my trade for only 1 mint and 1 order after that It will deduct 200+ ₹ charges why? but you mentioned that 20₹/ per order I am very disappointed 😞 😞",2026-08-14,en
play-efef28ca1bbcf95c,play,5.0,,best indian shares market and trading app in India 👍🇮🇳,2026-08-14,en
play-52ed623e125f77b1,play,2.0,,"Since the Loans section was introduced, i have been receiving so many calls about the loan. i receive atleast 5 calls everyday. please stop it! it's so annoying",2026-08-14,en
play-9dee11bb32f78bac,play,5.0,,overall this app is excellent 👌but some time working slow and striking.,2026-08-14,en
play-6dddc3d4d3915207,play,5.0,,Please add the SWP option in the app. and provide a daily sip option.,2026-08-14,en
play-19725b67aca45e2d,play,5.0,,"I am having wonderful experience while using GROW, I wish i had used it before",2026-08-14,en
play-5e469ccd2729cd9b,play,1.0,,this is a worst app. I was in daily market where I put order and then after it is not showing in my account.,2026-08-14,en
play-035126ccfd7d01ea,play,1.0,,"Adhar card is not taking, while putting adhar number it's showing try again. very disappointing",2026-08-14,en
play-220b238de9bc9d00,play,5.0,,very good and very trusted app Everyone can use it easy...... app is a fantastic,2026-08-14,en
play-552b136b80441183,play,1.0,,VERY BAD EXPERIANCE IN CONNECT WITH SUPPORT . NO REPLY IN CHAT AFTER ASSIGENED TO AGENT AND ON CALL WAITING WAS 25 TO 30 MINITS AFTER WAIT ALSO NOT SATISFACTORY ANSWER,2026-08-13,en
play-55cd880f6500cc8f,play,1.0,,one of the worst app is have never seen ... cause of saying is that just froba simple add of my name there is no option wtfing app is it even a app like this should now that option should be given but no even my all the documents are completely verified then to and not only that for that thing I wasted my all over 1hr just for searching that there is a some options over there but no there's it so iam uninstall this app thank you,2026-08-13,en
play-de031dd8118821f2,play,1.0,,very very bad experience of Commodities trading totally trap for groww,2026-08-13,en
play-0d100e894bbb2011,play,1.0,,when I open my acct I see a kyc page I try to complete it. it only shows try again,2026-08-13,en
play-0b788205b1c10a95,play,2.0,,"Customer care is not easy to reach nor is able to solve the issues properly. Secondly, the transparency of this app has been decreasing a lot, a lot of details related to orders are no longer being provided like they used to.",2026-08-13,en
play-8f15138761ed6f6e,play,2.0,,"very bad customer service... they waited me 15 min on a call and didn't connect to the agent.... very bad experience,😔😔😔",2026-08-13,en
play-e254c6f6b1f57897,play,5.0,,"Fantastic, Appreciate your software. I really love it more than money.",2026-08-13,en
play-5726be20d1f14619,play,5.0,,it's awesome app it's working very smoothly and fast I give totally 100 percent successful app,2026-08-13,en
play-b8f4eb79b19baec5,play,3.0,,while I appreciate the intent of UI! but finding open IPOs is impossible! why can't I have homescreen of IPOs? or simple menu to switch to see Open IPOs?,2026-08-13,en
play-dffda28d5cc90df9,play,3.0,,some people keep on calling and spam message to buy call or put option get more profit these are all happens when I invest on groww only how my number get to these scammers .,2026-08-13,en
play-1f769bbdee5ff703,play,1.0,,"Highly misleading fees. Groww's marketing implies ""zero brokerage,"" but that’s false for active traders. My recent statement had ₹4,466 in total charges—and a staggering ₹2,076 was pure ""Groww Brokerage,"" plus ₹693 in DP/MIS fees. More than half the fees went directly to Groww, not the government! Their ₹20/order fee eats your profits alive. I strongly advise against using this for intraday.",2026-08-13,en
play-c429ec20baf55d3c,play,5.0,,good but brokerage i think is very high,2026-08-13,en
play-dbdc8bf5f2828669,play,1.0,,very bad experience and very high charges in every segment. never use this app for trading . I choose the dhan app. it's reliable and low cost for everything.,2026-08-13,en
play-3804858ba7916fcb,play,1.0,,I'm unable to pay/approve UPI mandate. worst experience,2026-08-13,en
play-29906cd226904ab2,play,5.0,,In Gtt order SL and TG should be provided.,2026-08-13,en
play-d8d3207b6a7e864e,play,5.0,,nice 🙂 app easy use and simple fast smooth,2026-08-13,en
play-911185cba574a36c,play,1.0,,there is no user friendly option to check IPO in the dashboard itself. why there should be an app where we have to manually SEARCH AS ipo instead we can check in any website know. Try to add an tab for IPO where all options available so that even a beginner or layman could use the app.,2026-08-13,en
play-4429d6ed8aa031e5,play,5.0,,groww app best for trading and M F,2026-08-13,en
play-d901ed97b29c258d,play,5.0,,"This app is probably the best app for trading, it is very beginner friendly and almost seems tailor made for analysis and news.",2026-08-13,en
play-aea0dd84db44bb3c,play,2.0,,please add a limit price in basket mode also,2026-08-13,en
play-613e78b716246799,play,5.0,,super easy app to handle even for a novish,2026-08-13,en
play-04ba8ab7be32b551,play,5.0,,easiest in Operation and charges are almost nominal. This is the best Trading app.,2026-08-13,en
play-48c3082ea4eb8066,play,3.0,,WHY is the default buy price a percentage point above the market LTP,2026-08-13,en
play-49d6c93829fdebab,play,1.0,,very very very poor customer care service 15 minutes tak koi champion call par nahi aata hai bahut baar feed back diya hai but same to same jabki call par customer care se immediately baat honi chahiye because koi bhi call most urgent ho sakti hai,2026-08-13,en
play-773f5d2c1756c258,play,4.0,,Best broker for begainers really good very easy dashboard all simple .But I am rated 4 Star because Brokerage charge is very high,2026-08-13,en
play-3511bcf347cdd81b,play,1.0,,Groww Investor App Review I am disappointed with my experience with the Groww Investor app. Charges were deducted from my account without clear information or proper notification beforehand. Customers should be clearly informed about any charges before they are applied. Groww should make all charges transparent and provide proper notifications to customers. I request the company to review this issue and improve its communication about fees and charges.,2026-08-13,en
play-4feb6f869db4b08c,play,5.0,,one of best app to track mutual funds,2026-08-13,en
play-9b0e6927e9a69e41,play,5.0,,"Why is there no ""app clone"" feature for this app? Other apps support the default app clone feature available in android.",2026-08-12,en
play-58fea4f690c78523,play,1.0,,unable to login. after allowing permission it's taking ages but not moving to next page,2026-08-12,en
play-6da34e10281f2d91,play,5.0,,good stop marketing wish you on the best,2026-08-12,en
play-47abcf63b2e27802,play,3.0,,portfolio gainers/losers and watchlist gainers/losers was good in previous version of app. don't know why removed,2026-08-12,en
play-d0f950b44efad210,play,5.0,,nice app and very easy to use more comfortable and more sequre app,2026-08-12,en
play-a689334640179550,play,4.0,,why you guys not showing percentage gain or loss in intraday position in list earlier it was great to see instantly about managing win loss ratio,2026-08-12,en
play-aad131d750ae3ace,play,5.0,,Feature Request: Real Time live auction's Indicative Equilibrium Price of NIFTY50 during the post-market session. (zerodha already launched),2026-08-12,en
play-eb7b28fee60bc495,play,1.0,,worst app I have ever seen in my life. too much brokerage. Guys avoid this app for trading and purchasing shares.😭,2026-08-12,en
play-4314b6c45aa11c0a,play,1.0,,worst customer service. Took more than 2.5 hrs for one response and for next response it took around 30 mins,2026-08-12,en
play-74a0f8612a365119,play,3.0,,i think there should be application number while applying IPO autopay request for confirmation about specific treding account specific ipo request... while other things are ok about this app..,2026-08-12,en
play-fea82d1138e68113,play,5.0,,Good app to invest lumpsum amount or Sip amount,2026-08-12,en
play-a659880fb76a1c2b,play,1.0,,"position and p&l sown before , and now it's not sown in bottom it's penic to save profit or loss old virsion is best rather then new",2026-08-12,en
play-e82dbaef19e5209f,play,5.0,,Quickly Accessible and Easy to use for trading.,2026-08-12,en
play-8889202507d12092,play,5.0,,"very good interface, and easy to understand for beginners, and it runs smoothly even on my 5yrs old snapdragon 695 processor. the best app for beginners who are just starting to learn share market and mutual funds",2026-08-12,en
play-3b92225867683592,play,5.0,,"Excellent performance in this application , Easy to use 👍",2026-08-12,en
play-d24fadcd03112f5c,play,5.0,,Growws interface is smoothest and good. bring us and global stock investing facility,2026-08-12,en
play-a4d0d4cefb7b8e6d,play,4.0,,can you add Sort By category under dashboard of mutual fund bottom nav menu. it would help to undersand the investors how different funds of same category is currently performing.,2026-08-12,en
play-97d34dfc7316e4a2,play,1.0,,If you want to loss your money and mind set download groww 4 years experience sharing free,2026-08-12,en
play-ff67c3ef1cad8c64,play,5.0,,it's really useful and very easy to work,2026-08-12,en
play-32926b174f70d37f,play,1.0,,Removed manual payment option from sip just because they promote auto payment options...,2026-08-12,en
play-24b3924b4fd3ca6f,play,5.0,,"Can I know when we can expect the Grow integrated AI Like GR 1 like that, and what will be features, can you please provide clear response",2026-08-12,en
play-205a6e6233f6d351,play,5.0,,New ETF offering should be shown ....plz add new ETF offering,2026-08-12,en
play-901e7100a6b04db9,play,1.0,,"You app suddenly freezing, not opening keyboard to ender pin... What kind of update you guys have released",2026-08-12,en
play-48a16fe354b28b14,play,1.0,,MTF is a scam! They will keep changing the haircut charges on leveraged stocks and there is no clarity on the UI which stocks are deducting hair cut charges. makes it impossible to plan and their customer support has not been helpful. Customer support on chat has been giving me the same answer and then immediately disconnecting.,2026-08-12,en
play-86b8ed19b1a9cf8f,play,2.0,,kindly optimize app for ipad .It's opening in half screen only... poor optimization from grow,2026-08-12,en
play-0511f3a441ecf5b8,play,1.0,,"I invested Rs 40,000 in a Bank of India mutual fund yesterday. Today morning, I received a message from the AMC regarding allotment of units to me. The units became visible in my Kfinkart app from that time. Now its 6:30 pm in the evening and I am yet to locate my ₹40,000 investment despite updating external funds multiple times. My ticket number is 27244533 (got in response from Groww).",2026-08-12,en
play-10126f5826287a03,play,4.0,,mtf intrest rate 15% is high it should be 10%,2026-08-11,en
play-4ec8590839cd82e1,play,4.0,,please add on Cost per Lot in Option Chain.,2026-08-11,en
play-d98475b0529468e0,play,3.0,,"“Good app, easy to use, but some improvements are needed.",2026-08-11,en
play-77db818abe49d844,play,5.0,,"Best app ever, and then you introduced select portfolio option it's much needed function for me, Thank You ☺️, one request please introduce same Function also for mutual fund portfolio.",2026-08-11,en
play-8612f11d4dc29f5a,play,4.0,,"Very Good app. most features we need is all inbuilt. Only thing I found is little lag. most notifications are delayed. From opening bell to my watchlist stocks performance notifications. Whenever it touches all time high or low notifications are coming only after 15 minutes. The new update with technical section is too good. new feature ""your top movers"" is too good",2026-08-11,en
play-b7daf08e6dcf1ebb,play,5.0,,alll good. but. yy there. is. no. customer care. if. we. have. any. doubt. then. what. we. do.,2026-08-11,en
play-234d679570bb0bff,play,2.0,,investment flowchart not updated after even 4 days of increasing investment,2026-08-11,en
play-7aedf4ededfb770a,play,1.0,,I don't have an option to select less than this feedback. 1.Lack of commitment what they are promoting recently I referred one of friend or colleague to Groww and expected referral ...nothing observed raised ticket...team mentioned that Now Groww stopped referral ? I am not sure is this ethical and transparency where as still referral and invite section active and not displayed any message such as offer is discontinued... 2. Customer care is pathetic and they respond whenever they feel 2respond,2026-08-11,en
play-5396b796ee103419,play,1.0,,very poor customer support. very poor app so irritating,2026-08-11,en
play-f01032e613f85ecc,play,4.0,,Groww is good platform for share & personal loan,2026-08-11,en
play-da28213eeeb63221,play,2.0,,"App is fast, but difficult to understand. Watch list is for quick view but getting is difficult, 3 taps. Default tab option is not present",2026-08-11,en
play-64aa02339cc75316,play,5.0,,"in this app, I feel a problem because there is no automatic system for them colour change, day time and night time when other apps like angel, upstox etc. has automatic system for them colour change, so please consider it.",2026-08-11,en
play-f1d811dda60c7037,play,1.0,,share pare trading ye sb Scam h inse bacho .......,2026-08-11,en
play-5d58a9c39348cab1,play,1.0,,disgusting experience of using this application too slow to process the things,2026-08-11,en
play-7b6d80825f7b28d1,play,1.0,,Poor Service By Groww Agent Riya Poor Customer Service,2026-08-11,en
play-634b1c8825010eca,play,5.0,,"The UI offers an excellent balance of ease of use and robust security. Customer support is highly responsive, and the detailed company analysis is extremely helpful in making informed investment decisions and choosing the right level of risk.",2026-08-11,en
play-57f5b3ade70341e0,play,5.0,,completely satisfied interface as a newbie in investment,2026-08-11,en
play-ae70081cade03c6e,play,5.0,,if suggestions of purchase and sell it would be great,2026-08-11,en
play-7bfe808dadae393d,play,1.0,,one of the wrost broker. there Support team and interfaces is not good for trading.,2026-08-11,en
play-bf44f4a0ee79c76d,play,1.0,,It doesn't allow trigger order without enabling ddpi which should be an option and should not be mandatory,2026-08-11,en
play-1232cfc09aefca26,play,1.0,,worst assistance my problem not at all resolved my account details are not showing raised query but still prolonging to day after day,2026-08-11,en
play-885ba5303d292d64,play,1.0,,"very third class app , not easy interface INDMONEY is best app",2026-08-11,en
play-5ed2b66a97a7c291,play,5.0,,"Frequently hang during pick market hours, live chart not updating on time with all the indicators.",2026-08-11,en
play-f42812cbad9a3b62,play,3.0,,"please introduce a note-like feature, so it will be easier to track a stock.",2026-08-11,en
play-af37423eaf001d63,play,1.0,,i don't want to give a single Star this is dump app for trading never use because so many problems server jam late action and legging,2026-08-11,en
play-b8f1d2e5a0c2bd0c,play,1.0,,today 11 aug 2026 9.05 am se 9.21 am tk app open hi nhi hui ....bad app,2026-08-11,en
play-c71a28f0a80f2102,play,1.0,,This time grow app not working very slow network,2026-08-11,en
play-ef1c47aa1920ed5d,play,1.0,,worst experience not working properly and many times leg the application,2026-08-11,en
play-92291308804af54d,play,1.0,,I have perfect network but still not loading,2026-08-11,en
play-8de2c1e805aa4634,play,1.0,,your app is getting slow day by day.,2026-08-11,en
play-8519c8ca904dcce5,play,1.0,,"nothing is showing inside the app. after opening it all blank, not showing any data",2026-08-11,en
play-9800be84b1564678,play,2.0,,groww app in market open time 9.15 am why ? I have a running position how can I exit,2026-08-11,en
play-5bcda7c7cf8b4cea,play,1.0,,app not working properly at the time of market opening..,2026-08-11,en
play-4633b23a9e827cb9,play,1.0,,This app was so wonderful but after the update it has become very sluggish.,2026-08-11,en
play-1b66ee75cff4ffee,play,1.0,,"The Groww app service is not working properly. Data is not loading in the app, and nothing is displayed on the screen, even though my internet is working perfectly with full speed. Please resolve this issue as soon as possible.",2026-08-11,en
play-a8d7d31dbb78d90c,play,1.0,,worst application just buffering how to take trade 😡,2026-08-11,en
play-46b5538f787fd781,play,3.0,,app is lagging whenever there is expiry loading becomes difficult,2026-08-11,en
play-6ac6155afaa825dc,play,1.0,,"so slow in morning and at last time of market , pls correct it",2026-08-11,en
play-7c220e2781764ccb,play,5.0,,I used groww since 2021 it's very good application,2026-08-11,en
play-1a540a47c284e77e,play,1.0,,"one of the frustrating apps to trade on, it's soo slow and buggy",2026-08-11,en
play-47915b9c3e44a018,play,5.0,,"Very useful aap I am very happy, realy wonderful experience this site,👌",2026-08-11,en
play-563381ea2af30d27,play,5.0,,"Great app with clean interface, very beginner friendly.",2026-08-11,en
play-a6c7dbcd22382975,play,5.0,,The best Platform to invest your hard earned money 🙌 cent percent recommended 💯,2026-08-10,en
play-380425c2d22e6ace,play,2.0,,Why switch option not available for other AMC in Mutual fund,2026-08-10,en
play-6d328e5da9da5a82,play,5.0,,Guroww is th best app trending all time thanks you groww,2026-08-10,en
play-c8b8bbfc7d62117f,play,1.0,,my pan card number as been taken in one account to open old account give option to open with pan card number to open old account,2026-08-10,en
play-b98a14feb8d264b4,play,3.0,,why too much update's came like week after week..why?,2026-08-10,en
play-853dc3fdecc47958,play,5.0,,good app and easy for handling compare to upstox and other apps,2026-08-10,en
play-9a290518d78acb04,play,1.0,,"This is a terrible app with equally terrible customer support. I've attempted to contact them through both messages and calls, but all interactions are automated with no genuine human connection or assistance. I'm going to uninstall this app immediately.",2026-08-10,en
play-286da4b843bfc0b6,play,5.0,,"The overall experience was very good. One request from my side: kindly add features for Investment Tracker, such as Realised P&L and Portfolio Trend, Comparison of the portfolio performance with the broader market trend for mutual funds.",2026-08-10,en
play-86dd42f3c821c8d1,play,1.0,,"In F&O trading, exiting just because we feel like it or waiting to exit only at a specific amount is not a good strategy",2026-08-10,en
play-3323e4b9176282ab,play,5.0,,interface is smooth as butter. Love the clean interface,2026-08-10,en
play-0d061efa6f285980,play,5.0,,this is the best app I used for stock market in india ❣️I have the best experience on this app every feature is easy to use . i have used many apps but this one is the best .👍,2026-08-10,en
play-29addc43fd024725,play,1.0,,"Be careful!! This app shows a lower Avg buying price from the price you actually bought at, under your Holdings section, in Delivery orders. It thereby encourages you to sell at a lower price or less margin. This way u loose net money in the sale, since sell when price is lower too , but Groww makes money on brokerages. Effectively u are losing money. Since most Groww users are not exactly regular traders, we dont keep track of the exact price we bought, and Groww cheats its customers this way!!",2026-08-10,en
play-2a973e53daea26ee,play,5.0,,I having Groww Application it was great options with services.,2026-08-10,en
play-3eae4663c07e0ea5,play,5.0,,such a wonderful and easy app for every one,2026-08-10,en
play-c74b3df7aeb62af5,play,1.0,,"In the financial industry, especially in stockbroking, clear and reliable communication between a broker and its customers is essential. Unfortunately, Groww’s customer support has been extremely poor in my experience. When an investor asks a simple and important question about their money, the support team should provide a clear and direct answer—not vague or repetitive responses. This lack of proper communication seriously damages customer trust.",2026-08-10,en
play-b1faa29acc274759,play,1.0,,customer care service very poor really I disappointed,2026-08-10,en
play-6e322c09b72200d2,play,1.0,,customer care service is so so pathetic only this app makes us fool,2026-08-10,en
play-9544de6e1c988264,play,5.0,,"India Top broker ,low cost ,simple interface, very fast broker",2026-08-10,en
play-f94dbde224d9ee46,play,1.0,,"The chart doesn't work properly.After minimizing it repeatedly, the app works fine again. The charts work fine. Then, 10 minutes later, the same problem occurs. I thought, ""Oh my god, my phone is having an internet problem."" But it was revealed later. app issue",2026-08-10,en
play-18787a7d88d22dae,play,1.0,,"worst app to invest your mutual funds, I am not getting a proper response from groww customer care regarding my 2nd SIP due date(not able to pay manually) they have created 2 ticket with same query but resolution is not provided yet it's been more than 48 hour If anyone hoping for long term investment don't try groww because whenever you got stuck their customer service is unable to provide any proper resolution so don't invest your hard earned money through this broker go for direct amc site",2026-08-10,en
play-016495cf533db199,play,3.0,,currently from last 10 days . Apk not working smoothly sometimes it stuck and flash message wait or close apk not responding,2026-08-10,en
play-3b64f7dbe37f0ff3,play,3.0,,Initially liked much..delivery charges for buying share increased,2026-08-10,en
play-433a42f4448ea452,play,5.0,,happy to trade this broker app it's trusted,2026-08-10,en
play-38ae300ac1af176e,play,1.0,,This app is a fraud customer care doesn't respond Even for returning Money u have to spend money,2026-08-10,en
play-dc95be8c0aaf1346,play,3.0,,"Brokerage cost High compare to others, if you reduce brokerage cost i will execute more trade...",2026-08-10,en
play-9853c12d19fa4891,play,1.0,,"fraud app, my sip is not processed since over a month now. more than a month now your team unable to help, providing dumb solutions which dont even exist to waste my time. your company cant get on sip processed since 24 june neither giving my money back. updating this review today i.e. 10th august",2026-08-10,en
play-00a7e1c074e949bf,play,1.0,,don't know why they removed my refer and earn option without reason and I tried to contact customer service yet there is no response from their side very disappointing it is,2026-08-09,en
play-fb012695b0f988a0,play,5.0,,It helps me in disciplined investment without any hesitation.,2026-08-09,en
play-aadaaa3ff386bbdd,play,5.0,,Good app. wish the team for becoming no 1,2026-08-09,en
play-c3bbedcaee9d8ba0,play,5.0,,"App and it's features are amazing. The only thing missing is other brokers allow to clone app like angel one, zerodha benefit is one doesn't have to log out and log in everytime.I request you to plz allow clone of groww app so one track investment and trading without multiple log in and log out",2026-08-09,en
play-70b3b7dfea7b4b64,play,1.0,,"Grow charges maximum brokerage in the market and provides poor services , their app doesn't publish reports on time , app crashes in peak time and their customer support is really poor. ticket number submitted for this 27198284",2026-08-09,en
play-380c673bf44f5908,play,2.0,,I just wanna say that you can make it more better by adding more Bank and banking app like fampay app because many people want to use it by fampay,2026-08-09,en
play-2869528cac2a9688,play,5.0,,kindly provide multi chart on single screen (multi layout) for all stocks,2026-08-09,en
play-efb3b3d858c98265,play,2.0,,"❌ Messy UI, fix this · No option to hide FNO section from bottom bar · Buy/Sell colors are eye-piercingly contrast · Buying options default trap-accidentally pick intraday/MTF · Technicals are weak · No event/news dot indicators · Watchlist placement next to holdings/orders is irritating · No proper positions tab like Zerodha · Landing page is endless feed-add sections · Loans tab = useless clutter Feels like a legacy app. Redesign needed badly.",2026-08-08,en
play-45f240aa464eac8d,play,1.0,,For two days this app has been showing an error while opening the chart and they want you to buy and sell without watching the chart..I have done every possible thing from my side and am still showing an error..even dabba trading broker apps are better than this cheap groww and this is not for the first time something wrong happened with this app.. highly recommend to uninstall this as soon as possible and use some standard broker instead of this.,2026-08-08,en
play-b71f2f18052e46c4,play,2.0,,The waiting period for the customer care calls is too lengthy and the brokerage charge is high.,2026-08-08,en
play-f69f4c29d4c952c3,play,1.0,,not good support 😭😔 very bad support I have changed my email and mobile number a few days ago and want to create a new account with the same email and number and new documents.I want to contact the support team but I am unable to do so.,2026-08-08,en
play-c82d4ea5e693e710,play,5.0,,"Useful But,Gain knowledge completely about this before use it.",2026-08-08,en
play-07e2072074d30e35,play,5.0,,Best of the Best UI Easy to use,2026-08-08,en
play-d624ec0fb077bb71,play,5.0,,Only one sentence - Ladder of financial independence progress.,2026-08-08,en
play-ff669e198a4feb94,play,5.0,,Glad I have been introduced to Groww. Very robust tech I have ever come across in past few years.,2026-08-08,en
play-7592ef6c264bdea0,play,5.0,,easy to invest in mf and stocks and user friendly UI. best for beginners,2026-08-08,en
play-bf57e141d919fc54,play,2.0,,Please restore the **NIFTY 50 stocks arrangement by Market Cap**. The new order is confusing and less useful for tracking the index. A **Market Cap: High → Low** option would be much better.,2026-08-08,en
play-1b7e7fa789e3badc,play,1.0,,The contacts are being leaked to third party people. have been getting random calls from different people about trading. please look into this issue.,2026-08-08,en
play-ee67c8fb03ce50eb,play,5.0,,this is really a genuine app very good trading results I have done from here all should have download this,2026-08-08,en
play-703dc8d1b514e02c,play,5.0,,"I have had a great experience with the Groww app. The interface is simple, user-friendly, and easy to navigate. Investing and managing investments is very convenient, and the app provides useful information in a clear way. Overall, I am satisfied with the experience and would recommend Groww to others.",2026-08-08,en
play-16840aea9501e5e0,play,1.0,,"facing new problem .1. All stocks In The money options order rejected by groww. Delta 65 from 85 . Others app from placing orders no problem. Like Dhan ,zrodha, Angel one etc . Stocks like Reliance,Airtel,Voltas,Cipla,Bajaj fin,Bluestar,. Liqdity available but rejected order . 2. Withdrawal amount deposit time 1 day . Others app from deposit time 5 secend s from 1 hours only.",2026-08-08,en
play-0d31c84b4f1007dd,play,4.0,,"There should be a review section for mutual funds with categories like 'In-form', 'On-track', and 'Out-of-form'; this would make it easier to understand where to invest, where to stop an SIP, and where to exit.",2026-08-08,en
play-aecd2e73fca0ecf7,play,5.0,,"I have been a Groww user since my first investment journey. I have seen Groww improve tremendously while maintaining the simplicity it started with. The way it makes stocks, mutual funds, F&O, bonds and IPOs easy to understand is really impressive. It’s great to see this journey getting better with regular improvements, while remaining simple enough even for someone with very little knowledge of the financial market.",2026-08-08,en
play-e325d64512d35180,play,5.0,,"Actually this is a phenomenal App. Just like name Groww you can also grow by trading with this App. Good for beginners. Hey Groww team "" Can you just introduce AI in your app"" this will be very helpful for most of us.",2026-08-08,en
play-50ab175b8278a5e2,play,3.0,,"please provide a system default theme I mean dark,light And System Default.",2026-08-08,en
play-bfa23bcb8a5daa73,play,5.0,,"The stability and usability of app is decreasing on each update. Last session I could see some stocks listed twice in All stocks section. And further you are forcing me to use groww pay, by making it default screen that opens when I open your app. Groww today is not something I liked sometime back. Maybe with some more updates, you will force us to switch to other investment platforms.",2026-08-08,en
play-985fa4ed3f277359,play,3.0,,"I found the Groww app great to use—I've been using it for about three and a half years—but I've run into a problem with adding funds: I can't add more than ₹20,000 per day.",2026-08-08,en
play-0f75541771081d94,play,5.0,,superb app and UI is very user friendly,2026-08-08,en
play-fc6b6b7917a8e0d3,play,5.0,,Good App. for investment with out zero knowledge.,2026-08-08,en
play-aed6c99779603748,play,5.0,,My experience tells me that Groww should have been my first MF app. I thank profusely that they have made India's best investment app.,2026-08-08,en
play-2ea436e39470bee8,play,4.0,,one of best trading platform i ever use,2026-08-08,en
play-699dc2b78cbd3f06,play,4.0,,Groww has added a lot of new feature/s in the application recently. Now add basket order option so I don't have to use different app (like 915).,2026-08-08,en
play-c24bcd182596f500,play,1.0,,just downloaded it it's not even working uninstalling this app right away,2026-08-07,en
play-3f58c2ef38d100f7,play,5.0,,Easy interface and great investment platform for beginners.,2026-08-07,en
play-0d4bbfad376d1526,play,1.0,,scam app...they charged 1500 rs more for only brokerage charges for just 3trades...and doesn't mention charges fully on statement they hide,2026-08-07,en
play-000f53979763356e,play,1.0,,pathetic customer service. I exit one trade today at 3:05 PM that trade is showing again in buy order even though not initiated by me seems to be an system error and amount got debited for the same. no reply from support till yet,2026-08-07,en
play-fd7b230f202ace18,play,2.0,,not work properly when u needed eagerly n in the middle of trade.,2026-08-07,en
play-7b37dd6ef49e4b87,play,3.0,,"there is no support to EGR, Can u guys add them?",2026-08-07,en
play-6ed0b23e9a91acd2,play,3.0,,"If you set the brokerage at ₹10 per lot, your business will grow even more.",2026-08-07,en
play-1b59fe6280d765a7,play,5.0,,The application interface is very intuitive and great. Try increasing font size though. Also can you please make it easier to switch between two demat accounts without having to logout and then entering credentials manually each time if email account is other than gmail ?,2026-08-07,en
play-04a207c2dd6390eb,play,1.0,,my relatives not getting dividend since last year after eligibility. she contacted but not resolved by them,2026-08-07,en
play-b94be2ceebf50acc,play,5.0,,i am learning on it and its very nice very easy. and much profitable.,2026-08-07,en
play-c6539172efb3c01e,play,1.0,,It may be the best app but they are so hungry for money that it will cost 50rs to change ur email address 😂 Pathetic!!! No way they convinced me to uninstall the app,2026-08-07,en
play-570c7c7f6bc5d2e6,play,1.0,,Upi request already approved but status not updated in App poor service app lot's of bug,2026-08-07,en
play-14fa26034322a107,play,1.0,,No proper service and no accountability with team.,2026-08-07,en
play-55b3cfd066d78d73,play,2.0,,Isme bond ka monthly payout correct ni show karta hai,2026-08-07,en
play-20b2bdeffdccd51e,play,1.0,,when you buy a share it is buying of your selected rate. but when you want to sell your it is sold less than your selected rate.due to this and also added brokarage+ tax+GST+external charge you never earn money as you expect.,2026-08-07,en
play-2d0417c4bb460790,play,1.0,,grow application very froudly company know investing any customer your investment money always lossing grow platform,2026-08-07,en
play-0b7c4fea8dbb4125,play,1.0,,"The stop-loss gets triggered unpredictably. Sometimes it hits even before the price reaches the stop-loss level, and other times it triggers only after the price has moved well beyond the stop-loss. In both cases, traders end up facing unnecessary losses. This is a very poor application. I would request everyone not to use it.",2026-08-07,en
play-956793f10f73ea95,play,5.0,,excellent 👌 easy to use ty so much 🙏 groww,2026-08-07,en
play-4bb651e75cc85f21,play,5.0,,I'm using last 10 years ...simply understand and operating,2026-08-07,en
play-1bb22392d5612c7d,play,5.0,,so simple that any rookie can start investing,2026-08-07,en
play-45b8599bba0d529b,play,1.0,,why percentage change is not showing in stock,2026-08-07,en
play-d3c34488c11864d7,play,1.0,,"Outdated Data Alert!Wrong Dividend Yield DisplayedGroww is showing backdated & misleading financial data post corporate actions. For example, Angel One underwent a 10:1 stock split, making its actual dividend yield ~1.38%. But Groww still shows a wrong yield of 8%!Such unadjusted, old data can lead to wrong financial decisions for retail investors. Other apps update data instantly. Groww team, fix your backend data sync immediately! Retailers, please double-check data on NSE/BSE before investing",2026-08-07,en
play-96ad0f87646489dd,play,1.0,,very bad experience for a user because they suddenly decrease the mtf margin as per their wish without intimation to traders more charges for mtf and even long term trades as well very disappointing...,2026-08-07,en
play-235f08466f75fa75,play,2.0,,After a new update ! the first candle shows opposite colour of the direction! on every timeframe which is confusing the direction and trade plans . planning to switch trading app !,2026-08-07,en
play-4c9533176750cd48,play,2.0,,"this is totally bug now evertime i open it started hang i,m am facing bad experience now please fix your techinal issues",2026-08-07,en
play-c2283f9eb6d55f6f,play,5.0,,"Superb and so easy access with best Guidance, best suggestions, best indications 👍👍👍",2026-08-07,en
play-d72b216fc0f6f177,play,1.0,,"app doesn't stay active in the background even after giving unrestricted battery usage , always goes to lock screen after latest updates... problem for options traders",2026-08-07,en
play-074e84e1865e590c,play,5.0,,good 👍 app share market invests by the day,2026-08-07,en
play-457b36731b7a1feb,play,4.0,,Best and Easiest App for entire investment portfolio.,2026-08-07,en
play-e3f05149e6ebb462,play,5.0,,I'm using past one year Groww is really great application compares with others stock application,2026-08-07,en
play-2b3b369e279f3dce,play,2.0,,very slow service we are open option chain till price is over,2026-08-07,en
play-1e9b5796d9ecfb81,play,1.0,,Your app not responding made me lose money.,2026-08-07,en
play-9625f35358cbb038,play,1.0,,All apps have low charges but Groww More Charges You also charge less Please,2026-08-07,en
play-92318396635af8f5,play,1.0,,"Bond Name: Akara Capital Advisors Private Limited (Jan'27) Investment Date: 08 May 2026 Invested Amount: ₹6,100.03 (1 Unit) According to my payout schedule, the total returns (Principal + Interest) I will receive amount to only ₹3,967.08, whereas my invested amount was ₹6,100.03. This shows a massive shortfall/loss, and I was not clearly informed about this secondary market pricing structure at the time of purchase. Please review this transaction, explain the reason behind this heavy variance, a",2026-08-07,en
play-8574a54aecf60ffd,play,5.0,,"all ok, also I need it on my laptop but there's a privacy problem",2026-08-07,en
play-0001a29d287cfae7,play,5.0,,very easy to navigate app and seen that many news things is coming just like heatmap that's awesome. I am looking for more improvement on it.,2026-08-07,en
play-42dcdd9087e69fe2,play,5.0,,choice is urs it's help purley to survive future no stress💝,2026-08-06,en
play-cb21c66b5dbed881,play,1.0,,why it's asking 50rs. for mail account update,2026-08-06,en
play-f0bf286ed28cd9e1,play,5.0,,"Best and simplest app for investment! The user interface is very clean and easy to understand. There is no complicated financial language, which makes it perfect for common people. Anyone can start investing in Mutual Funds or Stocks without any confusion. Highly recommended",2026-08-06,en
play-1767c6f536bde2cb,play,1.0,,bad experience with customer service no response poor service,2026-08-06,en
play-9d101f5d33f60cc0,play,3.0,,experience is Average! not very much good. App is user friendly! but Good bye for now just because of New rule CAS 03.08.2026. totally worthless for the retailer like me. thanks to sebi and I quit indian market and going to uninstall GROWW. thanks,2026-08-06,en
play-3c4a3285d8dc3afd,play,5.0,,I want an old update one.. this new update not good,2026-08-06,en
play-7c437fd127cdc1a1,play,1.0,,"too bad 👎 customer care not conect, and too much charges, false charges add ,",2026-08-06,en
play-d4c5e69b2b9b06d8,play,5.0,,it is best for beginners believe me it has a better ui and clean setup,2026-08-06,en
play-36374263f4f8f45f,play,5.0,,It is a very good platform for investing.,2026-08-06,en
play-71dc2f68900d3090,play,1.0,,"very disappointed! Platform and internal changes is too high. Always deduct balance every time you buy or sell, even after a minute... 😡😡😡😡",2026-08-06,en
play-fe31f7076bd08da7,play,5.0,,"Some SIPs for the month of Aug have been failed, rest one of the best app.",2026-08-06,en
play-b669a17ca8f60f6f,play,5.0,,"Charges are high, but it's a good app.",2026-08-06,en
play-fcaa56a59b3542fb,play,1.0,,no costumer support I have called more than 10 times but no reply from their side 😞😞,2026-08-06,en
play-fbe2e724ba4c163e,play,5.0,,"Great app for investing and all about market news. Daily mover or losers stocks and other. Excellent for investing, Market news. They give Daily bases E-mails for news stocks. That's great 😃. Very Very usefull and smooth. Thanks Groww giving this type of masterpiece App♥️.",2026-08-06,en
play-35496e07aec8c8ef,play,1.0,,they are say less brokerage charge more very bad experience and also when you sell your stock at market they your stock at less price . it's much better I give year subscription fees to zerodha. they atlest to not charge unnecessary. I donot know what kind of external charges and tax they are taking,2026-08-06,en
play-bd8cda199c93ab79,play,1.0,,"The Groww app lacks easy interface features for those bidding for OFS shares. There is no way you can find out your allotment status. The FAQs are useless. Though there are other good features, this is a major drawback. The order history and chatbot are also clueless in this regard, though customer care confirm successful OFS bidding. Complete waste of time.",2026-08-06,en
play-d3b467dc34f32e91,play,1.0,,my information is shared without my consent to open market i am getting random calls from 3rd party brokers platforms. I never gave any consent to share me information. The day i opened groww app i get calls from open market. please check on this.,2026-08-06,en
play-81d4321c4bb1481a,play,5.0,,best application for investing stocks and mutual fund,2026-08-06,en
play-4910cfc7bd21b5de,play,3.0,,after updating lots of anomaly. when we buy option it does not appear in position directly. limit order buy and target gets failed or execute at different level,2026-08-06,en
play-aa4f69ca9b12d1e3,play,1.0,,bad app .. fraud app dont download app.. 1 tap exit me seedha 10 point kams meyexit krte h..chart me.manupulate karte hae.. they will automatically reduce your buying price and make huge loss in next day.. I don't know how they did it with retailers... I have facing many losses due to app glitch issue.. they don't give me any refund.. so I deleted this app... worst experience.. they vanish my 1 lakh rupees although I have screenshot of my payment but they didn't gave me refund..,2026-08-06,en
play-81fe38ccf8a26380,play,3.0,,order process is too much delay that's why i rated 3 star,2026-08-06,en
play-2fdf8d4c4998ea3c,play,1.0,,import of external funds not working properly. it's pop-up to mfcentral and sends an OTP option then no otp will be received at the registered mobile. kindly look into issue,2026-08-06,en
play-6bb4f46be3024172,play,1.0,,LIC OFS shares did not get credited even though applied before 2 pm and account had that much money,2026-08-06,en
play-10b797a635ed9630,play,5.0,,"Nice App, speed is much better than other trading apps 👍",2026-08-06,en
play-573bd2e9c589fc77,play,4.0,,Plz compare yourself with zerodha. Zerodha doesn't charge On equity. And your charges are slightly high.,2026-08-06,en
play-0c2b32b42c4b20d9,play,1.0,,I would say the worst broker for trading🤢,2026-08-06,en
play-69d403e23c90bb00,play,1.0,,app install but now able to continue always scrolling,2026-08-06,en
play-76ffbe9cfa75c66a,play,1.0,,Withdrawal unsuccessful trying to get connect with an expert since last 24 hours no any response received from groww worst service ever i just want my money back as early as possible then i am going to uninstall this app,2026-08-06,en
play-11295ea281eabb8b,play,5.0,,best combo demat plateform. Using Groww since 2018. but slight improvement is required in indicators,2026-08-06,en
play-740cfa7c136188bc,play,3.0,,onething question why u guys doing like this every new vision update will be come most then taking the storage MB pls make sure stop taking like this it's request not order pls understand 🙏,2026-08-06,en
play-45a907ef01421c9d,play,3.0,,"When i updated the app to version 18.14.1, the most important feature of Scalper Mode disappered and i am not able to do scalping from the new version now. What type of update is this ?? Please make the ""Scalper Mode"" available again",2026-08-06,en
play-5f54e205817937ab,play,1.0,,DAY 25.worst app doesn't have proper solution despite email for grievance on pledge holding.never ever pledge your Holding in groww. your grievance and support team is full useless.NO COMPENSATION BEING GIVEN ONLY DELAY CHARGES WAVING OFFERED,2026-08-05,en
play-02b01bbd4f0ebe3f,play,1.0,,"Aware Hidden charges, very high commission. in a equity trading 10-20rs for each buying. if you are planning to invest daily you will be charged 7000INR annually for single stock. but I have been using this app since 2022 but now I am realising. i never use this app again.",2026-08-05,en
play-a9f82b9edad67a00,play,5.0,,Excellent app! Very easy to use with a clean interface Investing is simple and smooth The only improvement I would suggest is making the app a bit faster especially while loading the portfolio Overall a fantastic experience Highly recommended! ⭐⭐⭐⭐⭐,2026-08-05,en
play-fd0ee4682e381f1a,play,5.0,,after update and connecting to my pc. i can't find scalper mode in my phone app. please solve this or i permanently close my demat account from groww,2026-08-05,en
play-97ccc45f67ff357b,play,1.0,,Groww is becoming the worst day by day. My hdfc dividend did not come in the bank and my bond payment did not come. The support team is not always answering. I've been using groww for a long time but now it's performing worst day by day and increasing its charges. Zerodha is better option,2026-08-05,en
play-1f5d066e7f3a4704,play,1.0,,Not new indicator not templet for indicator save not brokrej scheme for scalper bad stop loss system over all groww not for option trading👎😡,2026-08-05,en
play-a704d78a5c4740c9,play,1.0,,brokareg charges very toomuch iam earn 800rupes brokareg charges 470 rupes,2026-08-05,en
play-ba40c4bf7213059d,play,5.0,,"after update groww , i am unable to find one tap scalper mode",2026-08-05,en
play-3c8fe4e9091fb0f2,play,1.0,,groww minimum dilevery buying selling charge every in 100 rupees very high charges produced.,2026-08-05,en
play-3ae34401786002d8,play,4.0,,userinterface is really v.very nice any chance understand easily especially Biggers but charges are very costly,2026-08-05,en
play-0d1420e8c4be49ba,play,1.0,,"You People Are Leaking Our Data, Many Companies Calling Me And Telling Me That They Will Give Me Advise To Trading... 4-5 Calls A Day...",2026-08-05,en
play-61d8e80efe377f02,play,3.0,,"In the ""Compare funds"" section, can you also add overlap info",2026-08-05,en
play-745eb56231329fd1,play,1.0,,this app is literally fake app I was deposited 500 rupees and now I want to withdraw but my withdrawal money showing zero,2026-08-05,en
play-7561e98acc55ba6f,play,1.0,,Other brokers allow OFS applications until 3:25–3:30 PM but Groww's cutoff is only 2:00 PM. This is too early and can make investors miss the OFS opportunity while the actual market window is still open. Groww should extend the OFS cutoff to match the official bidding time.,2026-08-05,en
play-91e757638155aae0,play,3.0,,"Dear Groww kindly add VWAP on chart, as other brokers provide VWAP directly over chart. it will help to improve our trading experience.",2026-08-05,en
play-b33548b6aedbb860,play,5.0,,then better but my f&o segment on nhi ho pa rha bank account bhi select nhi ho rha,2026-08-05,en
play-160ae6c5795b3d98,play,5.0,,"Excellent tool. To add, for a first time investor in the stock market this tool is very simple to understand, gives a lot of metrics to make decisions as well as post purchase real time tracking is definitely well designed. Hope to see an expansion to purchasing more into the international market, and not having to sign up for other tools outside GROWW. this should be a one stop shop for all markets.",2026-08-05,en
play-81e86ae4b8cd2d84,play,4.0,,Event is not modified with OFS. link for OFS is not available in groww app.,2026-08-05,en
play-906fe09e1b0f2b1b,play,3.0,,I'm not interested with new update i think this is unnecessary chart on f&o section,2026-08-05,en
play-edb2d6a3a303c234,play,1.0,,my trading screen is not showing live graph of stocks. very difficult to trade,2026-08-05,en
play-4b15ac90c9844b5c,play,5.0,,brokerage is high so lot of my friends are using zerodha app,2026-08-05,en
play-ef58ec53d1951230,play,5.0,,this too much very very happy this app using in my life it level,2026-08-05,en
play-68a209d9fd1d2e98,play,1.0,,"for more than five days, it shows that my account is still under process and I'm unable to buy anything",2026-08-05,en
play-2298d4b654b296d0,play,4.0,,"My Groww account is F&O enabled and I have previously used the old Scalper Mode. I'm on app version 18.14.1 (Android 16), but the Scalper Mode is no longer visible in the F&O Explore tab. Please confirm whether it has been disabled for my account or removed permanently?",2026-08-05,en
play-36b6015a404cf8dd,play,1.0,,"When selling stocks, a network issue appears even after entering the OTP, and the shares do not get sold.",2026-08-05,en
play-8b114d096d2477ed,play,5.0,,Too good to used..support team also very good,2026-08-05,en
play-aa3ecd9b40c9a2cf,play,2.0,,Best app with the third class website in the market. worst website in the segment for trading and analysis.,2026-08-05,en
play-ddc30bed44461d3c,play,5.0,,hey it's a 10/10 platform for trading and more but I'm facing withdrawal problem I just wanted to withdraw money and add more capital so I hope it will be solved soon dear groww 🫶🏻,2026-08-05,en
play-dd7e20f775b3f61c,play,5.0,,it's the best platform i have used to invest in stock. better user friendly dashboard and easy interface to understand the things.,2026-08-05,en
play-dfb5d6ea44138a03,play,2.0,,"No OI details are showing under Nifty50 but it's present under Sensex. Users need PE RATIO details, Please fix this ASAP.",2026-08-05,en
play-bbfbcf159c673c8f,play,1.0,,this Broker giving false advertising iam going to consumer court against them 😡,2026-08-05,en
play-e5d5740013811b4d,play,5.0,,"im ues long times this app ,it's good 👍",2026-08-05,en
play-d0fb3d767c1763cd,play,2.0,,"groww is scamming company, they are looting your money, brokerage, charges high, hiddenly stealing balance be careful",2026-08-05,en
play-e3ac467e2a69ef92,play,1.0,,"There is a problem with the app, upi is not working. When I click on upi, it says ""UPI is not available on your device To continue securely, disconnect the USB connection to proceed."" even though there is no usb connected. Restart, reinstall, clear data & checked developer options",2026-08-05,en
play-1c2b789aaf3ca15b,play,3.0,,"I have been using the Groww app for four years, and it is very user-friendly; however, I have been facing some issues recently. The app isn't displaying the full charts—for instance, the monthly chart for Nifty only shows data up to 2022, and the 15-minute or 5-minute timeframe charts only show data up to January 2026 . additionally I am unable to use any indicator on the Nifty chart and the volume data isn't showing up either.Please fix this, Groww.",2026-08-04,en
play-2b2bb97ef1b7fa8f,play,5.0,,if grow take Rs-10/exit order then this full cmpleted app for stock app must be faster runing time,2026-08-04,en
play-f29b5156c3c0e6cf,play,1.0,,"I reported several issues on this app and all I heard back from the customer support was to update/re-install the app. It did not solve anything and I also had to redo all the indicators and settings which I had already set up. Also, all other broker apps are incorporating better features for more convenient trading and charge only Rs.10/order. But this app is getting worse and still charges Rs.20/order. So I'm actively planning on switching to a different broker app.",2026-08-04,en
play-28fb342d5a0271b8,play,5.0,,"""Exceptional app! The user interface is clean, intuitive, and seamless to navigate. Everything runs smoothly without any glitches. Highly recommended for anyone looking for a reliable and efficient experience.""",2026-08-04,en
play-79580ac9d4b77ba4,play,5.0,,Trusted app for real ones if I say about it then it is..,2026-08-04,en
play-c94e761a6661dc8f,play,1.0,,disappointed with the UX. ICICI direct has a much better ux.,2026-08-04,en
play-8e16ca039c10eaeb,play,3.0,,"I really love using the Groww app. The interface is simple, smooth, and one of the best investing platforms I've used. I have one request: if possible, please add support for investing in international stocks, especially U.S., Japanese, and other global markets. At the moment, I have to use other brokers to buy foreign stocks. It would be amazing if I could manage both Indian and international investments in a single app thank u 💞",2026-08-04,en
play-56422e9d94bbfeab,play,1.0,,lots of glitches. money disappears often leading to massive stress and headache. happened to both my account and my mother's account. My mother's money came back but mine is yet to tally.,2026-08-04,en
play-ffcea9e2bbc6888d,play,4.0,,suggestion: allow user to make separate folios for investing in same funds for different financial goals.,2026-08-04,en
play-350d43dc929fd42f,play,5.0,,I like this app and very useful for our career,2026-08-04,en
play-0751f8e73838788a,play,5.0,,"Nice for investing in mutual fund ,stock market etc.",2026-08-04,en
play-673815a73f79ef07,play,2.0,,"Whenever I invest, the market hits my stop-loss and then falls.",2026-08-04,en
play-1504f11d448ba0bf,play,1.0,,"customer care services sucks, zero value of our time .",2026-08-04,en
play-8fcc7355d539b406,play,5.0,,"Groww is a very good app. It's simple to use, easy to understand, and great for beginners to start investing.",2026-08-04,en
play-3a4b084474c7a95e,play,3.0,,"Groww has increased the DP charges a lot, and the DP charges are also very high.""",2026-08-04,en
play-8ae16dae64759f68,play,1.0,,Pathetic Customer support. They are not trained enough to support you. They are asking to contact other broker..,2026-08-04,en
play-fa7dc00f32fd80c6,play,5.0,,It is very easy to maintain and switch or buy by groww . you can grow with groww,2026-08-04,en
play-26634c6c67e1454a,play,5.0,,good app for anybody intermediate and advance men,2026-08-04,en
play-daaca7d69615711d,play,1.0,,F&O Charge Is Not Stable Profit Hua rs-100 Charge laga 80 🥴 Loot Macha Rakha He,2026-08-04,en
play-eaee5c569bb8e868,play,5.0,,"Clean beginner friendly, even my parents use this.",2026-08-04,en
play-7c1ede1957ed312b,play,1.0,,"After updating..No india VIX index, scalping mode hide.... is this update?",2026-08-04,en
play-a5a3e9b2ccf657d4,play,1.0,,App is crashing a lot while going forth and back checking mutual funds stocks.,2026-08-04,en
play-9947c1d38936ceb2,play,1.0,,i Can't open in Samsung A04e mobile .App stuck in intial permission screen,2026-08-04,en
play-cbe97ff9b58d6df4,play,1.0,,The withdrawal process is very slow and also very worst customer service. The period of withdrawal took nearly 7-8 days. This is very disappointing.,2026-08-04,en
play-4f482a25db3b2f86,play,5.0,,i am loving it... Groww's UI is one of the best.,2026-08-04,en
play-610b1d2e281e6fac,play,5.0,,good platform for investment of mutual funds and shares.,2026-08-04,en
play-e79a6fb0615a707a,play,5.0,,actually when compared to other apps grow is user friendly and literally superb I love this one..thank u grow,2026-08-03,en
play-defa2b0f58f74e20,play,5.0,,"Latest update of adding family accounts is very good, please add also an option to track or view family dashboard which shows combined value of all the portfolios. It'll be the best feature",2026-08-03,en
play-93a377394a2eae4e,play,5.0,,money makes money that's how u make money this app is way of making money,2026-08-03,en
play-2ee39dd08cf0546c,play,1.0,,"Absolutely Useless App Earlier mobile interface, features was Best, now day by day becoming Wrost, only Charges higher. nothing else Useless Trading app not recommended for trading purpose.",2026-08-03,en
play-1083839b6a019a5a,play,1.0,,"My experience with the customer support (call centre) was highly disappointing. I was advised to wait for two banking working days for the funds to be reflected in my Groww account. As instructed, I uploaded proof showing that the amount had been debited from my bank account. Despite this, the customer support team informed me that they were unable to trace the transaction or locate the funds in Groww's account. This situation was extremely frustrating and, at one point, I seriously considered t",2026-08-03,en
play-08fb8cf208ed2866,play,1.0,,"stop forcing Autopay idiots, after this update I can't invest my money without Autopay, remove this.. function",2026-08-03,en
play-b70a4302081d7a55,play,5.0,,"Now after these many years, and some disappointment in the early stages, I can say that Groww has improved a lot and has been really really great at judging what users need. Good work. Now if possible roll out some program where people can choose a different brokerage plan rather than this flat brokerage system so that higher volume and frequency traders get some advantage.",2026-08-03,en
play-a072dfe4d4c98b0e,play,5.0,,today's I feel better when I recieved 4+ profit,2026-08-03,en
play-85f1a0050a5bb9ef,play,5.0,,best aapp hai to reach the top and.....,2026-08-03,en
play-da668c058d19729c,play,5.0,,this app so good but I learn this stock and trading for 1 week easy to earn money 🤑,2026-08-03,en
play-3de8d8a6a182bafc,play,2.0,,"Ever seen an app where you have to click thrice or more to view the market depth? here it is... and also, you cant buy or sell when you are viewing the market depth. go back to another page, and place order. 2hat does that mean? you never are sure at what price you are buying or selling. hate this app... 😡😡😡",2026-08-03,en
play-072b366942a1eb10,play,4.0,,A good app has a good interface for beginners.Better feeling using upi and money receiving.Thank you for your valuable system maintenance Yogeshwara m p,2026-08-03,en
play-fa452d66f4b9b337,play,3.0,,I don't know whether it's like what I tell,2026-08-03,en
play-dccae02fa82d57f8,play,5.0,,very nice app. very easy to understand. in the app there is very clear information about our investment. I like this app very much. 👍👍,2026-08-03,en
play-943975c6c4dfbd54,play,2.0,,so many delayed to open chart please fix this 😔😕,2026-08-03,en
play-ec89bda1dc0d5e83,play,3.0,,currently I am experiencing too much off lags and loading scene while close and open time not sometimes it's regularly seeing same while trading it's need to be fast and easy,2026-08-03,en
play-d24981049725f686,play,4.0,,I guess it's one of the best app for treading. Very easy to handle as a first time user in stock market. Everything is very easy to understand and segmented on different portions. One problem is I can't increase Sip money instantly. It has to be wait for 6 months to 1 year. That's a problematic part i guess.,2026-08-03,en
play-aff8ddfa13b3800d,play,5.0,,It's a perfect app for biggeners. absolutely fine. the app provide you everything. the payment is very easy and secure,2026-08-03,en
play-bcfa6c407bba086d,play,1.0,,"Loading problem always in groww app 🤣and Hanging problem & more problems in groww app,intraday charge very costly 😡😓",2026-08-03,en
play-3862c865ad3ea215,play,4.0,,"USER FRIENDLY , Good trading Application for Beginners, Keep going",2026-08-03,en
play-7a5eae8b470ae6cb,play,1.0,,earlier it had icon to load multiple charts on single screen which is missing now layout to split screen for various indices chart it had become pathetic after updates my older phones has layout icon but the recent does not no customer support,2026-08-03,en
play-915de97106259522,play,1.0,,Chart experience is very bad in mobile app,2026-08-03,en
play-759235166d6bb0e7,play,1.0,,"Hi, the app is good enough but thae charges are very high.",2026-08-03,en
play-999e29cd7312474b,play,1.0,,Customer service is very poor they don't pick up the phone or cancel the sip has also taken penalty or you should extend the app time is also not getting updated,2026-08-03,en
play-f335d62b370778e6,play,5.0,,very good service & easy to use all functions,2026-08-03,en
play-d67878cc2a53d1bb,play,5.0,,hey can you modify this application for tablet because this application not working in landscape mode only graf showing in landscape,2026-08-03,en
play-0c5bf6bf883e6c7d,play,2.0,,overall good but too many charges 😔 1 buy + sell order (fno) cause me 92. brokerage 40 and external charges 50😅.,2026-08-03,en
play-daa2d9ca6b615a54,play,1.0,,"REMEMBER THAT GROWW IS THE WORST APP FOR TRADING SINCE IT HAS A LOT OF DELAYS ON ITS ORDER PLACING AND CHART UPDATION ACTIVITIES , I WOULD HIGHLY RECOMMEND DHAN FOR TRADING ACTIVITIES GROWW WON'T LET YOU GROWW..",2026-08-03,en
play-a44a371cced4d922,play,5.0,,i Just wish to get a t shirt 👕 from Groww coz my Friend had too got so I too wish to get one from my Groww Family!😄,2026-08-03,en
play-eb676f9952ba4a16,play,1.0,,"Brother, this is a very bad app. It calls and later deducts a lot of tax. How does it make it go away? First time it will show the property once or twice and after that FIR will be lodged and gradually it will go into minus.",2026-08-03,en
play-a83e538f6cbcc538,play,4.0,,Till now no problem in trading or anything. smoothly working sometimes it lags but no major issues. easy execution and easy withdrawal and deposit system,2026-08-03,en
play-e32434a4238860f2,play,3.0,,ADD SWP OPTION. AND GIVE OPTION OF TRANSFER MUTUAL FUNDS TO OUR CHILDREN.,2026-08-03,en
play-d9e80a541b50a8ce,play,5.0,,An app which takes care of everything there is related to investing,2026-08-03,en
play-6c1f788d4f679ab5,play,5.0,,good app but mutual fund given aum wise option .,2026-08-03,en
play-6e690fe450ec909f,play,1.0,,"for every 2 or 3 months always asking plz plz update to latest version.Like this how many times will repeat,it's getting irritating and there is no storage also so plz think about this.ur app service is so good,but the above what I mentioned is not good",2026-08-03,en
play-bc4d33ca0b7ebbe5,play,5.0,,Groww! Easy to sign-in & Great for investment 👌🏻,2026-08-02,en
play-0fc8af568cfbcbe5,play,5.0,,Investment and trading use the excellent work and simple process one of the greatest financial services ❤️,2026-08-02,en
play-f0637cf7b9ac28e9,play,1.0,,"Either you guys are doing it by choice, or maybe the decision-makers aren't aware and some mid-level guy is selling your data. So, today I downloaded the app to check the status of my investment, but guess what? I have received a message on my WhatsApp from Momentum Trader. I won't explain the message, but you get the idea. Now, it's either you don't want my business and want me to use Momentum, or there is a leak.",2026-08-02,en
play-9e42ac1808fb78d6,play,1.0,,grow is showing double dividend on same date for all stocks in particular share event.,2026-08-02,en
play-1c3ab7129a02ffe1,play,5.0,,Very Good App Best For Mutual Fund Investment,2026-08-02,en
play-f14e2d312b08e0e1,play,4.0,,its very good trading app for beginners to understand about stock market,2026-08-02,en
play-37c16d99b2d1f714,play,5.0,,There should be option to group SIPs just like we have for stocks ! Groww PLEASEEE consider this !!,2026-08-02,en
play-ae0203abdfe14a98,play,5.0,,great app with great features n well experience,2026-08-02,en
play-682185fe9cf95541,play,5.0,,good apps for the working. i use since 2 years,2026-08-02,en
play-4a3535350cf68d96,play,5.0,,"""The Groww app has a very simple and user-friendly interface. Investing in mutual funds and stocks has become incredibly easy. It is the best app for beginners!""👍👍 ""An awesome app for trading and investment! Everything happens smoothly, from opening an account to buying and selling stocks. The charges are transparent, and the UI is very clean. Highly recommended!""👍👍",2026-08-02,en
play-dbb07a93fba2c4e8,play,5.0,,"very easy investment app specially for beginners, I'm using all categories like Bonds, mutual fund, IPOs and stock",2026-08-02,en
play-f7a89d0f44cdcf33,play,5.0,,I am new user groww app I can't review bad ar good,2026-08-02,en
play-39e7ce7add9c2cd7,play,1.0,,Worst customer service. At the beginning of groww 2 3 years back it was nice. now it is the worst. I am thinking to switch to other apps.,2026-08-02,en
play-38cc1dc3537c396a,play,5.0,,Many options and news all available on the same platform,2026-08-02,en
play-263a5f98b5b85f8a,play,2.0,,kill swithch ka option isme bhi de dijiye jisse over trading control ho sake,2026-08-02,en
play-ce7deacba2d56e99,play,5.0,,bahut hi achcha app Hai beginners ke liye banaa hai easy to use un comfortable,2026-08-02,en
play-976e3e8564040841,play,4.0,,Best user experience if all apps are compared.,2026-08-02,en
play-425b016d1b0fd4bd,play,5.0,,best software for long term investment of all mutual fund and stock I am using more than 6 years,2026-08-02,en
play-2a872dc7382ef5d6,play,5.0,,"The strength of this platform lies in its versatility and precision. It's rare to find a service that handles equities, futures, options, and commodities all at on...",2026-08-01,en
play-77966110b2fd58ff,play,5.0,,Best Application for investors Easy Ui and it improving after every Update,2026-08-01,en
play-c74695d82e4492aa,play,3.0,,Worst experience...... Couldn't start trading as my KYC was not verified by the Groww team even after 5weeks from opening the account and despite of all the necessary documents...... helpline is also useless.....at the end they sent an account freezed email.......no senior officel contact me,2026-08-01,en
play-b5678ba9c768f39c,play,3.0,,plz improved app in charts on entry and exist,2026-08-01,en
play-de1c635ae272d110,play,5.0,,"""Very good app for mutual fund investments. Easy to use, simple interface, and smooth transactions. Highly recommended!""",2026-08-01,en
play-9b73be448b0ae27e,play,1.0,,third class customer support and services they will not connect with customer supporting team I will try more than 5 times my amount can't transfer to my bank account or my grow account that will show process til 2 days before,2026-08-01,en
play-4ac012d0a2436c7d,play,5.0,,Found the most user friendly and fast mode in every aspect.,2026-08-01,en
play-e0170d648e180a14,play,3.0,,"1h 4h time frame chart data is not loading completely, checked in all stocks and diff devices with the same issues.",2026-08-01,en
play-38bba86a5de18009,play,2.0,,"When u click UPI, getting message ""UPI is not available on your device"" was working fine before app update, kindly fix. Also I have not connected any USB cable to my mobile still this error is coming.",2026-08-01,en
play-d51d6d9c00862c04,play,1.0,,"Their customer support bhogash,They are very poor, if you put SL on them, Even if it doesn't go to the market, their SL will be a hit.I'm talking to the owner of Grow. I'll give you a good job with good income. Why are you wasting money?",2026-08-01,en
play-f0f9e85194b0d671,play,1.0,,"this app has the worst customer service. infact zero service and support. the call never connects. they keep you on hold for more than 10 mins and never connect. what kind of service is this? in today's era when customers are used to exceptional service, this kind of pathetic service will pull down any company. high time to switch to some other app",2026-08-01,en
play-c1abec9202fcf142,play,1.0,,"Dear Groww Team, I would like to share my feedback regarding your intraday brokerage charges. The brokerage on intraday trades is quite high, and in many cases it turns profitable trades into losses. This makes active trading difficult, especially for small traders. I request you to consider reducing the intraday brokerage charges or introducing a more affordable pricing plan. A lower brokerage structure would greatly benefit your users and encourage higher trading activity on your platform.",2026-08-01,en
play-efeec58e226114a3,play,5.0,,"Been using Groww for over a year now and it's easily the simplest investing app I've tried. Signing up took minutes, the interface is clean, and tracking my SIPs and stocks in one place is effortless. No confusing jargon. Highly recommend for beginners.",2026-08-01,en
play-fa3dfcca5d54e3c6,play,2.0,,amt credit 3 to 4 days staying in grow app,2026-08-01,en
play-ca879b89bb9c2bf2,play,5.0,,opening an account in Groww is quite easy...excited to move forward,2026-08-01,en
play-da9771c31427415b,play,5.0,,"“Very easy to use. Clean interface, smooth experience, and investing feels simple even for beginners.”",2026-08-01,en
play-71f4f80970627c5a,play,5.0,,"It's a great platform for mutual funds and daily trading with lower brokerage fees than most competitors. The app interface is intuitive, making it easy to get comfortable with quickly, and regular updates keep it running smoothly. It really ensures you get the best experience possible.",2026-08-01,en
play-538132055fd4cfa9,play,3.0,,"Love the user exp and support is good as well. I have 2 feature requests for the devs - a. Please add 5Y toggle in mutual fund watchlist, b. Please allow persistent reorder or sorting option. Thank you very much.",2026-07-31,en
play-1d4ae7c4a9fcf816,play,5.0,,"You can use and navigate the app even if you have Lil knowledge about Sips and stock market. The interface is so beginner friendly, it's so easy to sell, buy and manage your holdings.",2026-07-31,en
play-4ffd86a3e1d7bcf4,play,1.0,,"I am unable to open my profile section after updating the app, worst version of the application",2026-07-31,en
play-28a7935ae72d00cb,play,5.0,,Grow is a best application for a trader,2026-07-31,en
play-13045065f259617e,play,1.0,,"custom support is not at all good, if you have an issue they won't be able to help you and they have a weird AI chatbot that will give you wrong answers to your question and if you ask a customer support person he will say sir that is just an AI",2026-07-31,en
play-d31d0193e90f432d,play,1.0,,"HATED, I need profit revenue net worth increasing bars of each stock as seen in previous version.",2026-07-31,en
play-ee697526536f6c36,play,4.0,,"why u guys change scalping template, i have only single device to trade in option, currently difficult to trade in option with single device no hope left to recover my loss",2026-07-31,en
play-05428223e8bb85cf,play,1.0,,worst app tbh it freezes every single time whenever I open it and even after reinstalling,2026-07-31,en
play-3ac40a845ecd2b5b,play,1.0,,"Worst broker, always gives wrong trade on short/long. just want to trap the customer",2026-07-31,en
play-5d0d91fa93bed507,play,5.0,,"very easy to use I most like new features for tax file that is excellent for investor's, trader's, no hassle for tax payments.",2026-07-31,en
play-e23368722807b162,play,1.0,,"useless app, very difficult too analyze stocks. Also my Demat account could not be added too Income tax portal. Your helpline always remains busy, it seems yo have no champions, always sleeping, no remedy. I feel trapped in your app, no solutions yet. Two factor authentication is not in your app, different app...",2026-07-31,en
play-6b3e0fdc2c96dcbf,play,1.0,,very bad experience in withdrawal money and its not credited on time.,2026-07-31,en
play-cab85aa7dbfb1079,play,5.0,,if you really want to grow then download grow app.. it's very helpful and very good to grow.,2026-07-31,en
play-d68c5cc4484685a0,play,5.0,,nice app fast moment groww app best he.,2026-07-31,en
play-0eba7bf3d8a4b84d,play,1.0,,"Very disappointed with Groww's customer support. I had only 30 IPO shares, but the support team incorrectly claimed that I had sold 60 shares. This is completely wrong and shows that they did not even verify my account details before responding. Because of this incorrect information, they rejected my complaint instead of properly investigating the issue. I expected accurate records and fair support, but the response was careless and unprofessional. I have lost trust in Groww's customer servic",2026-07-31,en
play-25ed20f217cc5b4b,play,5.0,,This App Really Good But The Main Problem is Brokrage If You Think That You Profit Can Solve The Problem So You Are Very Wrong Please Keep Yur Mind Calm And Think You Manage App Thats Really Charge High Brokrage,2026-07-31,en
play-1876d32a72ef5e34,play,1.0,,"The Worrest App for Trading. Except the Groww Management, Nobody can Grow. Complete Fraud in each and every aspect. If any one wants to lose money instantly, You are most welcome to use this app. Rest, Please avoid this app",2026-07-31,en
play-50099da40d4fd9d7,play,5.0,,Aacha application hai aur se easy to use hai ...,2026-07-31,en
play-7fbf5c41350fa5e3,play,4.0,,trading is good but the brokerage and extra charges are so many.,2026-07-31,en
play-bb19caa6b4cdd6ba,play,2.0,,There KYC process is bad let me share my recent experience I requested them to add last name in my groww account I have provided all the supporting documents to them which I provided in all my banks and other investment companies and they have accepted it and added my last name in their records but in groww case they ask me extra documents publish ad in newspapers or gazette I provided them news paper ad now they are required merriage certificate and gazette also see their hypocrisy,2026-07-31,en
play-2d9b2b92ee49dc3e,play,4.0,,This trading app is excellent but must require a dual chart for smooth trading experience.,2026-07-30,en
play-8e672d88e27a2f2b,play,2.0,,worst experience while redeeming my mutual units taking longer and longer than expected or promised time they won't share the reason for the delay that is the reason I discontinued investing in mutual funds on Groww app,2026-07-30,en
play-72190f1e2eeee936,play,3.0,,Do something about calendar spread. you are market leader so we expect from u...upstox and many other already provide these facilities,2026-07-30,en
play-43d7faeded9bb61d,play,1.0,,"2,3 months old chats show nahi ho raha hai ..main bahut bar customer care call kiye & email bhi kiye but groww team problem ko solve nahi kiye , aise chota charts mai trading karna risky hai ..plz fix the problem ...",2026-07-30,en
play-cab9f7fcaa7cfcfc,play,3.0,,"please add oi profile,smart money concept,and ut bot alerts in the indicator section...even newer apps have these indicators .and I unable to change index in scalper mood.why groww please grow up....",2026-07-30,en
play-89f93d29ea31107c,play,1.0,,"i am not very much sure what is the issue with geoww. i have take HDFC 25 AUG 790 CALL. after day end it close at 6.75 till 8 pm it is show same price but after 9:20 it is showing 6.45. but on KITE it is still showing 6.75. i am unable to attached all the screenshot, but really want to do so. i dont know what the glitch is or GROWW trying to cheat customer 🤔.",2026-07-30,en
play-d99f7c898ae2af88,play,5.0,,best app for stock market best broker no doubt. simple UI. improving day by day...,2026-07-30,en
play-e91028a2d219fe56,play,1.0,,"change back the colours cuh. the red and green gave a better idea about profit and losses, change it back RN, it's too confusing, when everything is white",2026-07-30,en
play-101d26e059ef44cd,play,5.0,,very easy too navigate and place trading orders,2026-07-30,en
play-0a18175253f93e53,play,5.0,,"This app is incredibly user-friendly and packed with useful features — everything works smoothly without any glitches. Highly recommended, a must-try for anyone looking for a reliable app!",2026-07-30,en
play-62a3041a65cb831e,play,5.0,,"overall a good experience, Suggestion - Grow is not Approved App for Union bank of Switzerland UBS, like other Zerodha,Sharekhan and Angel broking are approved please initiate procedure for it's globally recognised and Approved.",2026-07-30,en
play-3fd6634b1624f9bc,play,1.0,,"I am not been able to see my open position ,I belive there is some glich in this as this is second time i am facing the same issue. I can see the order executed in order book but in Position window there is no showing.",2026-07-30,en
play-79b5aee584204bf8,play,5.0,,very good new updates. Indicating number of shares and mutual funds in long term and short term. Also showing XIRR for stocks which is very helpful. Thank you for these good updates.👌,2026-07-30,en
play-2c31b9cfd68010c5,play,5.0,,"hello groww! Can you please add healthcare, Textiles, oil & gas, cement, agriculture and chemical sector in the all indices please, and that's kind of irritating that I've to open another application to see the sectors",2026-07-30,en
play-5858799e1e775d3a,play,4.0,,"Please give dividend stock exdate earlier, so traders can adjust and buy stock in timelimit.",2026-07-30,en
play-e1797db1138307f7,play,5.0,,very easy and simple process to used Groww app,2026-07-30,en
play-3626a6a46f925898,play,5.0,,PLEASE GIVE HORIZONTAL RAY OPTION IN TRADE ON CHARTS,2026-07-30,en
play-01a7a09a2073541f,play,1.0,,"Fix the bugs, the nifty prices are shown different in different time frames and lots of lagging like 15-20 second I have to wait every time for loading the charts for last month after the recent update... so team Groww please fix these problems. thank you",2026-07-30,en
play-088119e695abc254,play,5.0,,"I've had a great experience using the Groww app. It has a clean and user-friendly interface, making it easy to invest in stocks and mutual funds, even for beginners. The account opening process is simple, transactions are smooth, and tracking my investments is convenient. Overall, Groww is a reliable and easy-to-use investment platform that I would recommend to anyone starting their investment journey.",2026-07-30,en
play-d9684ecf9de45987,play,5.0,,Old version was better than this new version.,2026-07-30,en
play-45bcbb23ad3e40c0,play,5.0,,"Overall, a good app for investments. For mutual funds, please provide STP/SWP options in the app rather than going to the website.",2026-07-30,en
play-37c43b20833887a1,play,5.0,,I love this App so easy to trade,2026-07-30,en
play-b9274fe9a1f8432a,play,1.0,,"my holdings are showing only dot dot dot.... not updated values, please check",2026-07-30,en
play-db7eba91414dab9c,play,1.0,,"worst app...issue in loading, particularly when selling stocks.",2026-07-30,en
play-b0696c6247d38281,play,2.0,,Sometimes it takes so much time to open our portfolio. It's a bit concerning.,2026-07-30,en
play-1db81c6c5ff71ac1,play,5.0,,easy for everyone to search in for the future.,2026-07-30,en
play-241cd0df1f91e0a0,play,5.0,,I have been using it since 2019. User friendly application. Never faced any major issues.,2026-07-30,en
play-3e5e59d26dfc5cff,play,5.0,,excellent and very Easy for use and investment,2026-07-29,en
play-e4aec4d7e8e82f02,play,1.0,,worst than anything...took my 20000 in seconds,2026-07-29,en
play-0250b0bbd3bb841d,play,5.0,,the app and the ui is absolutely good and the friendly help me to short and easy to handle but some concerns here sometime ui feel little bit lagy and slow to update price and chart overall I rate this 9.3 / 10,2026-07-29,en
play-aeb83059c655c9ee,play,3.0,,"it would be better, if we create a watchlist for ourselves and add a few stocks in that, if there any option to comment out a note and if we can rate the stock inside our watchlist.. it would be great...so at the time of market correction, we can directly go to buy stocks from our watchlist which we have rated top..",2026-07-29,en
play-a38aa00505c86654,play,5.0,,"Best App for Shares, Trading and Intraday, Best Features, Easy To use, not like Angel one that's too Complex and confusing to use. This Groww App is the Best 10/10 from my side. 🙌😎✨",2026-07-29,en
play-8253d6450ad1a5bd,play,1.0,,"Seriously Groww Prime for MFs? You guys started selling Regular MFs in the name of prime. I mean it's a shame. First introduce features like Daily, Weekly, Fortnightly SIPs and get rid of these regular options. Make the money flowing process easy. it's currently the worst. I get my money instantly in Zerodha, Angel one and ICICI direct... Groww just sucks. Focus on one thing at a time.",2026-07-29,en
play-d60e345e0c8be754,play,5.0,,Nice Easy To Understand Everything Stock Details in Depth,2026-07-29,en
play-cdbd8282a205635f,play,1.0,,worst experience costumer service is worst better to shift on sbi security app,2026-07-29,en
play-e0a1cbe45cc8cab0,play,5.0,,Faster and Easy way to do the payments and trading,2026-07-29,en
play-c9582951152263bd,play,1.0,,When I filled the details then groww debited 0.01 inr .This is very unsatisfied 😔😔,2026-07-29,en
play-f244572ed98d18d2,play,5.0,,useful app... easy to use. compatible for new users.,2026-07-29,en
play-a1765f391d865006,play,5.0,,App is very smooth and fine. Fast scrolling and impressive option menus. I liked it very much. New-era business times are here now.,2026-07-29,en
play-b0edeed59fbbf360,play,1.0,,withdrawal process very worst not a given 24 hours payment,2026-07-29,en
play-fa16a1937e529741,play,5.0,,"very good platform. easy to use, no glitches and very investor friendly.",2026-07-29,en
play-483635afeee48e17,play,1.0,,"The final amount changes after the order is executed. Previously, the final amount was displayed upfront, but now the amount is adjusted after execution, causing the Wallet balance to show a negative amount. This feels misleading and unethical.",2026-07-29,en
play-67f34d2b2288a847,play,3.0,,Plz Update Company Result Shedule in Groww Chart,2026-07-29,en
play-93461cd893ea87c9,play,1.0,,very bad experience today my order stuck am trying to cancel the order or exit from it but I can't do because of grow technical issue,2026-07-29,en
play-fc3636714c53037e,play,4.0,,"I've had a good overall experience with the Groww app, but there's one area that needs improvement. Some information is not presented in a clear order, especially the shareholding pattern and quarterly financial data. The current layout can be confusing and makes it difficult to quickly understand the latest updates and compare past quarters. A better-organized and more intuitive presentation of financial information would make the app much more useful for investors.",2026-07-29,en
play-f908cb1f3cb544d7,play,5.0,,very simple to operate and fully transparent activities and faster,2026-07-29,en
play-0b56c40e084fe61b,play,5.0,,"Brother, I don't think any platform is better than this one. I hardly want to use any other platform. So I want everyone to try it once. It is very simple and reliable.",2026-07-29,en
play-7dc7aa7d45db0800,play,5.0,,"Groww app is simple and best for investment.... Like: SIP, stock etc...",2026-07-29,en
play-ddcd854a5aef7ed8,play,4.0,,"Pls Pls Pls make it possible to change the timeline in Sector Trending Today Page. Only 1 day change can be seen, make it 3/6 months and one year also, so that one can make decisions more accurately and timely. Consider this as urgent n necessary",2026-07-29,en
play-04903e39859d53df,play,4.0,,"The features and server of the app are very good, but grow up charges a lot.",2026-07-29,en
play-f544895003e0b3f8,play,1.0,,"Very disappointing experience. Some brokers asked for my Groww login password, saying they would manage my account and show profits. I trusted them and shared my credentials, after which I suffered losses of around ₹7 lakh. I request Groww to investigate the account activity, check whether these people were authorised, and provide a proper explanation. I have evidence and details regarding this issue. Please take this complaint seriously and contact me.",2026-07-28,en
play-d4e8a50b72871b7f,play,5.0,,theis is op app groww app is op legend ♥️♥️♥️♥️💯💯💯💯,2026-07-28,en
play-35d19d894706331e,play,1.0,,"updated the app but new features like networth, switch between any two fund houses not showing...",2026-07-28,en
play-d65a46ee8df9dde7,play,5.0,,"Really good app, easy to use and providing so many info related to the stocks",2026-07-28,en
play-c27ac5746218bdfd,play,5.0,,Very convenient app even for new users it's very easy to check whatever we wanna check,2026-07-28,en
play-cec5caf847472c0d,play,2.0,,The bullet loan example shows borrowing at a daily interest rate. Total repayment includes applicable fees and interest charges.,2026-07-28,en
play-d9402fb7e066f652,play,1.0,,GROWW APP IS THIRD CLASS APP STOPSLOSS NOTE WORKING AND CUSTOMER CARE IS NOTE RISPODED THAIRD CLAASS APP . GROWW IS SCAM APP STOPSLOSS NOTE WORKING.ITS BIG LOSS ..AND CUSTOMER CARE GROWW NOTE AMMOUNT RITARN,2026-07-28,en
play-d0e362a8dd4eb676,play,1.0,,I'm using this app for along 6 months and this is worst application for traders with nonsense prediction better you choose other one then this,2026-07-28,en
play-6280f0979601f1bc,play,5.0,,"Great app with a clean and user-friendly interface. It makes investing simple and easy to understand, even for beginners. The account setup is smooth, transactions are fast, and the educational resources are very helpful. Overall, it's a reliable platform for managing investments. Highly recommended!",2026-07-28,en
play-bb48c058ff40b336,play,4.0,,please upgrade option chain data... along with ... * max pain *resistance *support,2026-07-28,en
play-8971da2f96672a36,play,3.0,,The dashboard is not attractive like other apps. We can't see the mutual funds allocation and can't add the family portfolio.,2026-07-28,en
play-9a4c7bf3806dacfd,play,1.0,,"They make it unnecessarily hard to transfer and close your demat account. The way they process queries tests your patience. The customer care ends conversation abruptly when it is related to closure. They make it unnecessarily expensive to transfer your holdings, hoping you will give up. Edit: Don't be fooled by their response here. Their respond so slowly, that I get faster response from official complaints with CDSL or SEBI",2026-07-28,en
play-8fdcb94aed5396b9,play,2.0,,"Badass , too much hang , pause while trading, I'm using this, app since 4 years, never give bad reviews, thought it will work better in future, but no it's get lagging more , no help , no support.",2026-07-28,en
play-ae2a23bdf7541f9c,play,5.0,,"This app is really good for traders and innovation for our future it's mutual fund,F&O, Nifty 50 is good",2026-07-28,en
play-f3152728d74f3008,play,5.0,,"App is very good , if possible please mention portfolios number of in front schemes",2026-07-28,en
play-a2c564507e1953d5,play,5.0,,I can do whatever I want to do in this app.,2026-07-28,en
play-b15235d2abe46405,play,1.0,,"Very disappointing MTF experience. Groww promotes MTF aggressively but doesn't clearly explain that selling an MTF position may deduct shares from your regular holdings first if you own the same stock. This confusing and non-transparent behavior caused me to incur a loss of around ₹18,000. Users deserve clear warnings and transparency before placing orders.",2026-07-28,en
play-dd2a2ff2b7895137,play,5.0,,"I am unable to to use 1 tap scalping mode in groww please 🥺🥺🥺 take some step......In the scalping button there is always stays Add money options I don't know why 😭😭😭......15.07.2026...app version is disgusting please repair this....... ...28.07.2026...excellent version.... thank you grow to give us such a good system...,❤️❤️❤️❤️❤️❤️❤️❤️",2026-07-28,en
play-6f0e78016bdb43bc,play,1.0,,worst service ever... i placed a redemption order a week ago .. but did not receive any amount,2026-07-28,en
play-232b3d444e02badb,play,5.0,,good and easy for beginners in stock market,2026-07-28,en
play-95dd6881e8474e15,play,1.0,,"Very disappointing experience. I have been trying to transfer stocks from my Groww account for a long time, but the process is unnecessarily complicated and confusing. Even after completing CDSL Easiest registration and all required steps, the transfer still doesn't work smoothly. In contrast, Angel One offers a simple in-app stock transfer process. Groww should improve this feature and provide a more user-friendly experience.",2026-07-28,en
play-b88165da70ee519b,play,2.0,,windows ke liye charts par pahle wale Buy and sell button vapas update karo kyunki abhi new buttons bekar h,2026-07-28,en
play-55d58825a49e8ceb,play,1.0,,"in tablet it doesn't rotate, hence difficult to use.",2026-07-28,en
play-097150a9ad81d812,play,5.0,,nice interface and please keep updating and make it more smoothly,2026-07-28,en
play-583a88d54574028b,play,3.0,,whenever I want to login message showing Sterlite and something went wrong! I can't even invest or see my portfolio.,2026-07-28,en
play-2c5641f38b0c5cee,play,5.0,,"I've been using the Groww app for the last two years, and it's been an amazing experience. The app is fast, user-friendly, and packed with great features. I especially love the new split-screen feature for scalping in the latest update—it makes trading much more convenient. One suggestion: please add a stop-loss feature for scalping. That would make the trading experience even better, and in my opinion, no other trading app would be able to compete with Groww.",2026-07-27,en
play-8d108d8bcec0c62e,play,2.0,,new to here hope something be good happen here.,2026-07-27,en
play-741cc76fd0b64283,play,1.0,,"Taking too much money as brokerage while trading in mtf, have lot off hidden charges...",2026-07-27,en
play-3ba7a789acdbc9a8,play,5.0,,Very Good in Stock Market Field l am very happy with Groww Service 🥳,2026-07-27,en
play-3741079c28a07943,play,1.0,,one of the very worst experience of setting up account its nothing but a waste of time and efforts even after complaining to customer care regarding the issue of not being able to set up the account its of no use . I have got zero support from the groww team it just tests your patience. pathetic experience,2026-07-27,en
play-bc670421c5d7da70,play,5.0,,UI preference for me . it's great and very easy for a beginner. I understand it's not that helpful in F&O but I have been using this app for the last 5 years and I am very optimistic that they will enhance their product.,2026-07-27,en
play-26a35b49a70af1d3,play,1.0,,I try to withdraw money from groww account to my bank account it's failing since jul 21,2026-07-27,en
play-752ef053ae9b1d76,play,5.0,,"very good platform, to update with type of asset support for groww",2026-07-27,en
play-7305e599a0119014,play,1.0,,"not show proper nifty,sensex etc plz fix",2026-07-27,en
play-77fc31fc0fee56e0,play,5.0,,fast and easy... one day iam a successful trader ... 💯🥳,2026-07-27,en
play-e77036e80e9efac3,play,4.0,,good is very important solily imporve thank you so much,2026-07-27,en
play-be711a14688b5c63,play,1.0,,lastest update not up to mark ...home screen not visible nifty futures and f&o,2026-07-27,en
play-6b6c7616a66b9cb9,play,3.0,,analysis of your stock and fund option is missing,2026-07-27,en
play-c317860a69e727d2,play,1.0,,"it is a very bad experience with Groww App, I have sell shares on dated 24.07.2026. as per SEBI guidelines and my past 10 years experience as I have using the 4-5 brokers like Angel one, tradeswift etc all the brokers will provide the amount on the next of selling date. but now I came to know that Grow will not allow the amount on the next day of selling and informed me that you will withdraw the amount on 28.07.26 in place of 27.07.26. it is a very bad experience with this repeated broker",2026-07-27,en
play-9175d04adbfc6065,play,5.0,,best among among all because of simple and smooth interface.,2026-07-27,en
play-11cda71cea28dafb,play,5.0,,excellent platform user friendly user interface and too much easy,2026-07-27,en
play-ca369a090c422de2,play,1.0,,"If you're an F&O trader, stay away from this app. Tracking errors cause real financial losses, and they hit you with hidden charges that increase without notice. Stick to a more reliable broker.",2026-07-27,en
play-36c0439d74d0a9c4,play,5.0,,Growing with groww since 2021. Thanks Team Groww for all the updates that're brought to us in recent days.,2026-07-26,en
play-9798d9fd1ea3fbd5,play,1.0,,blocking funds for a longer period of time than T+1 days. WTH.,2026-07-26,en
play-675b4f8873845206,play,5.0,,"excellent broker @ india .. smooth experience in all aspects.stocks, mutual funds smooth and error free,need improve lag issue future and option error free market time but pre and post market some lag issue in rare condition.",2026-07-26,en
play-fa05cd68370e03b9,play,3.0,,thik bt itna km interest 4 sal me?,2026-07-26,en
play-9f47dc7ff3ef1690,play,3.0,,charges bhot high hai our app 1 no hai,2026-07-26,en
play-b70040fa50e6792f,play,5.0,,very good app and we start trade with 100,2026-07-26,en
play-fdd98707e0bb88ad,play,5.0,,"Best app for trading, investing in mutual funds, stocks, etc in India.",2026-07-26,en
play-0b7520f7678a80b4,play,5.0,,"During testing, I found a bug in the newly introduced Lock F&O Trading feature. If I enable this feature, I'm unable to place any F&O trades for the rest of the day through the main app, which is expected. However, I can still place F&O orders through the 915 app's Option Chain, which should not be possible. This needs to be resolved as soon as possible so that once a trader enables this feature for the day, they should not be able to place F&O trades from any platform or entry point.",2026-07-26,en
play-99c98847a74654ec,play,4.0,,This Groww app is very beautiful and Indian Stock market no 1 I'm using this app 2022 very helpful app I'm recommendation all people. install your Groww app and Open your free demat account and I am so happy thank you groww app and all team members.,2026-07-26,en
play-2d898c08af7cba17,play,5.0,,"A genuine app with no fake claims, giving fast payouts with total transparency..",2026-07-25,en
play-16db828a2b646810,play,5.0,,"The cleanest UI app, make investments simple. But, we want Foreign (Us) share market investment on this.",2026-07-25,en
play-5df76d1619579d9c,play,3.0,,It works very well and it is very easy to deposit and withdraw money.,2026-07-25,en
play-63bf42ef66516b11,play,2.0,,"When investing in mutual funds there is an option to app the fund to your cart, but there is no way to access the cart after the find is added to it. They should hire a good UI/UX guy to help design the app better.",2026-07-25,en
play-e3650e7015dac5d2,play,1.0,,I can't download fromplay store in my new mobile vivo X200t. please resolve the issue.,2026-07-25,en
play-a06b448c4ffa59f1,play,5.0,,easy to use nice app go for this,2026-07-25,en
play-7b1ae55d722c7b35,play,5.0,,very good but need improvement in buy or sell order type and should innovate new model and type,2026-07-25,en
play-cdd247aa2c4b8751,play,5.0,,I think Very Good trading app for Beginners or Students,2026-07-24,en
play-2b6492e5ecd1fb86,play,3.0,,"The Groww app requires a home button to eliminate the need for repeated back navigation. It should also incorporate a tabbed layout, like INDmoney, for rapid switching between various charts.",2026-07-24,en
play-3f0eab32b30cbdb7,play,2.0,,groww aap is best but groww charges so high 🥵,2026-07-24,en
play-256b5c895f12bd23,play,1.0,,worst customer service.. always says busy...and didn't call back again....very very poor service,2026-07-24,en
play-2486218c6481c4f7,play,3.0,,This app is very easy and good for beginners and new traders but they charge very high brokerage fees,2026-07-24,en
play-57662a6a569d0a11,play,1.0,,don't trad this app..withdrawal is froude..I am trying three days withdrawal but not credited in bank acount. It's desipointed ...this broker is froude..don't trade and high brokerage charges .and withdrawal holded. He said my money is froude amound and go to cyber security..I will sent screenshot..this is your app ..froud,2026-07-24,en
play-21ead3799f9d8286,play,2.0,,"Why does DDPI activation directly create a negative balance when there are insufficient funds? If the account has ₹0 balance, the payment should fail or the user should receive a reminder to add funds. An OTP/confirmation before charging for optional services like DDPI would prevent accidental activation and unexpected negative balances.",2026-07-24,en
play-8fa5558714a37d91,play,3.0,,At first vwap present in grow index chart.This feature got removed why ?,2026-07-24,en
play-8c9718ee18d401b6,play,1.0,,"In my experience Grow is a super scammer and worst platform I had ever seen. Initially the brockers are as same as match fixers. But Grow's interface is worst. A lot of manipulation I found when u put an market order or to square off on market price. It's toooooo much difficult to earn money through using this platform. Grow is a ever hated platform for me. Infact I decided to close this account for ever. It's a scammer' academy, don't forget.",2026-07-24,en
play-0d0c3724ff1f210a,play,4.0,,"Please add an auto-save or chart layout save option for TradingView charts. Currently, trendlines, support, and resistance lines disappear after closing the chart or restarting the app. Other platforms like Upstox support auto-saving drawings smoothly. Please fix this in the next update!",2026-07-24,en
play-36e3e8c5f83ac27f,play,1.0,,"This application lag a lot. You always book loss without any delay but when it comes to profit, application will not work, untill your profit are gone. not good platform for scaplers.",2026-07-24,en
play-36d05a4be4531d66,play,1.0,,"""my suggestion ""- nothing will grow in this app except your debts, first of all trading is like legal gambling, 90% of traders loose 90% of money within 90 days of time, you will only be the responsible for every rupee you loss . i request not to gamble with your hard earned money , better to invest in gold or land. best appreciation comes from god owned things like gold and land . thats it.",2026-07-23,en
play-c0e584cf15af52b5,play,5.0,,"secure your self towards yours families & friends at any times with Groww stocks,Mutual funds,IPO",2026-07-23,en
play-f91483e99e036252,play,4.0,,"I have a request, Can you introduce an option where the pledge amount includes the delivery charges, and a fixed daily interest is calculated on this total amount, with a monthly squer- off option?",2026-07-23,en
play-25c4c53c26e95a47,play,5.0,,The App has a very User-friendly interface. Easy-to-use application.,2026-07-23,en
play-335a94aec6ecc761,play,2.0,,"Reduce brokerage, trailing stop loss, get good indicators like SMC, bullish, bearish movement indicators.",2026-07-23,en
play-d6c76be00656125b,play,1.0,,I had reported a bug 🪲🐛 but no response literally by so called No.1. Very Sad state of affairs at Groww,2026-07-23,en
play-5bc2ad34e3de0c5e,play,3.0,,"calendar strategy advance pay off chart is not available,",2026-07-23,en
play-a72982563f65212c,play,2.0,,hey team recently I was able to see my total portfolio which was combination of stock and mf but that feature is gone can you bring that back,2026-07-23,en
play-73716500ed1dea89,play,1.0,,angle one &groww such has very high charges broker buying ;selling for equity dilevery buying stocks.,2026-07-23,en
play-c58601c2395f6418,play,1.0,,Why does the Groww app by default not show the latest quarter of Jun 26 under the shareholding pattern and show Jun 25 instead? Why does one need to select Jun 26 manually? By default the latest quarter Shareholding pattern is necessary to show.,2026-07-23,en
play-6510f5d22b21f77b,play,5.0,,Add option for all-time high breakout for each stock.,2026-07-23,en
play-ff9db5001100365f,play,5.0,,sir create easy processes for buying IPO by using sell share amount and through demat account and not necessary to connect bank account for buy slot of ipo 🙏🙏,2026-07-23,en
play-72c41c4c0a12e305,play,5.0,,This app is fantastic and it helped me to groww and groww this app is lucky for me. But it should also add a feature for advice of stock to pick and invest And should recommend stock where to invest,2026-07-23,en
play-d91422ccf3f230fc,play,1.0,,brokerage charge bohut hai mat download Koro ghatiya app hai 😡,2026-07-23,en
play-781cef79de3891b7,play,5.0,,you can rely on Groww .one of the best platform for investing.,2026-07-23,en
play-127ddecb603bab7d,play,5.0,,simple and powerful app. Performance wise no lag and very litle or no down time.. Liked this app..,2026-07-23,en
play-8c9d1696f6f11981,play,1.0,,"bakwas app automatically lock unlock flactuation at time of trading many issues uninstalling , yet given 1lac around brokrage waste of money",2026-07-23,en
play-d1900786a216eea0,play,3.0,,It used to show the recently accessed stocks in the dashboard. Now its not showing.,2026-07-23,en
play-74925f60f3493764,play,1.0,,withdraw money cheater 🙏don't believe this app please please please 🙏 22July ultra tech cement price ₹1500up why show down price 🙏,2026-07-23,en
play-c9d14da5131cc1ff,play,5.0,,excellent service providers by stock market learners . good app but stock market investments is your own risk.,2026-07-23,en
play-cd735a9115f577bc,play,5.0,,The interface is simple and starting a conversation does not take much time,2026-07-23,en
play-b2c085cebaf476fe,play,5.0,,every thing ok but c cair no is not available it's urgent that's not available in operater or any executive awailable,2026-07-22,en
play-d6321fe0973eba15,play,1.0,,not gud.portfolio investment payments not show proper,2026-07-22,en
play-a3c2b36a749cd805,play,5.0,,"Overall, Groww is an excellent trading platform with a clean, easy-to-use interface. The 915 is occasional loading issue is manageable, and I hope it will be fixed soon. My only requests are- 1) Please enable Commodity Trading in the 9:15 app, and 2) Add a Trailing Stop Loss feature for Commodity Trading. These features would greatly improve the trading experience. Thank you, Groww team, and keep up the great work! 💐🤍",2026-07-22,en
play-d7a87982fe9ea8ee,play,1.0,,"The Groww iPad app is not optimized for the iPad display. On an iPad 11th Gen, the app uses a phone-sized layout in landscape mode instead of utilizing the full screen. Please add proper iPad support and a responsive tablet interface.",2026-07-22,en
play-a7e8afdb994e43bf,play,1.0,,"they sell your data 🐸 unknown people will start calling you and be like invest in that in this bla bla , they say you accepted to the conditions that you never saw",2026-07-22,en
play-90b02ca5045f53f0,play,5.0,,this is a best app for trading website,2026-07-22,en
play-2b64c857f1b5aa1a,play,1.0,,"guys please don't use this app if you are a completely beginner, I lost my money in this",2026-07-22,en
play-e4e6bfbe693caaa8,play,2.0,,this app is India favourite and most downloaded app I start SIP and stock invest in everything,2026-07-22,en
play-36e0b4b1531380a3,play,5.0,,intraday investing option to be removed from main page on stocks,2026-07-22,en
play-014a15376f9c43ba,play,1.0,,broker charges very high isse acha Angel one hai or Motilal hai,2026-07-22,en
play-0b420f82771702b2,play,1.0,,they are not fraud in a way they didn't informed me about DDPI Activation charge,2026-07-22,en
play-f87d2f32f5018ee9,play,1.0,,this app is not optimised for tablet. please optimised it.,2026-07-22,en
play-2a58ac6b5f83c701,play,5.0,,mobile app very easy to use and informative,2026-07-22,en
play-795da30f6b5994bb,play,1.0,,please update save indicator template..... and same time to indicators using after chrt lag and not working please update,2026-07-22,en
play-b0744834f154c893,play,5.0,,simply perfect and smooth as well. Thanks Team GROWW,2026-07-21,en
play-f916ce45cce174ba,play,3.0,,Please upgrade the sell time sometimes it delays during huge quantities,2026-07-21,en
play-651810f207741d11,play,5.0,,Groww is a really nice and user-friendly app. Investing has become so easy!,2026-07-21,en
play-3bf647aa95637adb,play,4.0,,I have use groww it is very good. but need some changes like same day unpledge u have to change this facility but company not changes this policy because company will make money.,2026-07-21,en
play-7eb775615ddb8f55,play,5.0,,I feel very very confidential app and service,2026-07-21,en
play-7525e8f95564324c,play,1.0,,very disappointed because it brokerage charges kind request plz lower it,2026-07-21,en
play-5b0a4d0b434c0281,play,4.0,,app is great smooth and fast but just add multi chart view option and why we can't apply sl and tp both together,2026-07-21,en
play-2bd22811047047bd,play,4.0,,Today 21/07/2026 03:30pm app not working properly please fix it,2026-07-21,en
play-4266330c9a954010,play,1.0,,"The app is super buggy at times, with painstakingly slow loading times for the market data, and this sometimes happen during the peak trading hours. When you reach out to support they keep saying same thing, that this is internet issue on your end, and that is despite the fact that I am in a 5G connectivity area,also having a high speed broadband connection at home, with every other site and app loading properly.",2026-07-21,en
play-3c8b54e6efddc3dd,play,1.0,,fraud app..if you get money 2or 3 days 4th day they showing incorrect map,2026-07-21,en
play-158a7488d5b48769,play,5.0,,"I have been utilizing Groww as my primary investment platform. I particularly appreciate its intuitive interface and user-friendly design. The recently launched GR-1 AI assistant has proven to be an invaluable tool. It efficiently provides comprehensive information, eliminating the need for extensive internet searches. I was genuinely impressed by its capabilities and have, therefore, noted its recent absence following an update. I kindly request its reinstatement at your earliest convenience.",2026-09-11,en
play-145ec51347219a9d,play,5.0,,very easy to use always support for every query to resolve.,2026-09-11,en
play-faee2d600edd49e1,play,1.0,,"Hidden charges not use the app buy sell charge square off charge account mobile nabar edit chanrge hazro charge ,better upstox , dhan , zaroda",2026-09-11,en
play-cb7a4d87939bacc7,play,5.0,,please fix one things more mai jab v account switch karta hu mere sare indicator remove ho jate hai. har bar add karna parta hai all line r remove also what I fix as per analysis har bar add karne mai prblm hota hai account switch karne mai indicator remove na ho dekhna,2026-09-11,en
play-b9e27bcdc0867a0b,play,5.0,,I am using Shiprocket Quick for my regular local orders and the experience has been positive so far. The app is easy to understand and delivery progress can be checked quickly. I also find it useful when customers ask about their orders because the latest status is easily accessible.,2026-09-11,en
play-b558dc59acc1b8c2,play,5.0,,i am so happy ...thank you so much customer care support....Groww Application Good 😊 Thank you so much Best Demate Account Alltime ⭐⭐⭐⭐⭐⭐ 6 Star ✨,2026-09-11,en
play-73e3433a54cad54d,play,1.0,,very buggy app every time it gets stuck when I go to the ipo option please fix it asap or else your groww share price will be more down,2026-09-11,en
play-624f4456a88f6a7f,play,5.0,,"Best platform for trading, simple interface makes it even better and the UPI features too makes it all rounder for any kind of financial activities",2026-09-11,en
play-8828f2722a87a177,play,5.0,,"I am investing for last 3 year, its a best platform for investing",2026-09-11,en
play-393ab4327560f69c,play,3.0,,App is perfectly running before groww update on sep 8. after it bugs like stock price suddenly stop I'm refreshing running and again stopped it repeatedly. check above issue,2026-09-11,en
play-104d7d795b38a351,play,1.0,,"This app is very bad, do not install any",2026-09-11,en
play-dd0f4d57bc1c13f6,play,4.0,,you are worst service in loading stocks chart and option chains.,2026-09-11,en
play-4ba835e122375005,play,4.0,,i like this app very much good for everyone for bignner for all etc...,2026-09-11,en
play-10b0cbea40db593f,play,5.0,,"very genuine and accuracy, believable and trusted aap",2026-09-11,en
play-ef1179418371bf2f,play,1.0,,charts are inaccurate and doesn't show more than 3-4 years old.new update is pathetic as they provide scalpers button just above bach button. it very annoying.,2026-09-11,en
play-b0e7ff9728735e8c,play,2.0,,very sluggish app.. day by day it is deteriorating. sometime screen freezes and u r left with no choice but to force shutdown the app and relaunch..,2026-09-11,en
play-c6465253abdf8116,play,5.0,,"I’ve been using this app for almost a year and have no complaints about its performance or features. I’d like to suggest one small addition: an optional description field when setting a stock alert. For example, if HAL is at ₹5,000 and I set an alert at ₹4,500 to buy shares, I’d like to note that reason in the alert. This would make alerts much more useful. I hope you’ll consider adding this feature!",2026-09-11,en
play-85ad8516b8b7bd28,play,1.0,,new update ke baad login nahi ho raha .There seems to be an issue with your internet. Please check your internet connection. bata raha hai,2026-09-11,en
play-cc94588ee44b69bc,play,1.0,,whrost service last friday submitted all the documents since last friday its showing account opening will take 24 hours i called customer care its AI picking calls no clear answer ticket number 27719447,2026-09-11,en
play-c1f075b4cf21c516,play,5.0,,trigger option is very bad my options is not considered,2026-09-11,en
play-de3473c77f294388,play,3.0,,user friendly.. But Brokerage charges are too high. If monthly package means could be better for F&O,2026-09-11,en
play-0452d782125c05f2,play,5.0,,"even though you're charging ₹20 per trade,I love to it because you people are making me to groww and I like your app name groww which make me groww 💓🤗😎",2026-09-10,en
play-025bb69ce31ef7a9,play,5.0,,bro add trailing stop loss system on charts.. get updated bro it's time to bring that,2026-09-10,en
play-bf0449bad8ce1096,play,5.0,,first time use invest aspect good service and good,2026-09-10,en
play-c1b8ed7b290d494d,play,1.0,,its very wrong you are asking pan details to use the app. What do those people will do who want to watch market details and don't have pan or dont want to create account with groww The problem is that app automatically closes when you dont have entered your details ticket no 27725416,2026-09-10,en
play-0b91219779693f79,play,5.0,,one of the best broker but charge so much,2026-09-10,en
play-843cbf042b900c1f,play,3.0,,not responding customer care service I am waiting call in line 8mint 😡,2026-09-10,en
play-0270a9c8f21b987e,play,4.0,,It is good to use I have been using it for 2 years till now I didn't face any issue with this app.,2026-09-10,en
play-e88f79c1a992c45c,play,1.0,,"This app may be useful for beginners who are just starting out and don’t know much about the process. However, if you are looking for good service, proper support, and a smooth overall experience, I would not recommend downloading this app. The service needs significant improvement, especially in terms of customer support and user experience.",2026-09-10,en
play-ce421ed00a304296,play,5.0,,"I'm using Groww App from 2022 and doing investments through Groww. Groww app is very easy to use and also there is no maintenance charges at all. And, the charges for buying and selling share are also very less. I would highly recommend Groww app for Beginners, Intermediate and Experts as well. Thanks a lot Groww for making my investments easy and quick",2026-09-10,en
play-2df33fcb1805d069,play,3.0,,I am very surprised that how the GROWW has kept the number one active user with itself while it does not even wander around Zerodha.,2026-09-10,en
play-943b260eb040ccdc,play,3.0,,"i have been using the app, most of the configuration works in sunc however Alerts customized shoukd be eneabled , that can help to keep the alert for 3m , 6m or a year. currently its only available for a month and that creates lot of tracking",2026-09-10,en
play-ca879110f5503ae2,play,1.0,,"complete manipulation, please correct the exit button and SL",2026-09-10,en
play-f7e85c67973583bd,play,5.0,,Quick and efficient service when required. Great platform,2026-09-10,en
play-9b66a76d1b1fffe9,play,3.0,,scalper buttons the right side of chain button in chart interface is so irritating 😭,2026-09-10,en
play-967731b8a966d01e,play,1.0,,"after taking the click also ,trade wasn't executed and I got loss because of your terrible performance, also tried to connect Customer support but instead of understanding my concern they're reverting like AI , disgusting....",2026-09-10,en
play-ee09d371154b68fb,play,1.0,,"F&O Trap & Broken UI State As a stocks/funds investor, critical flaws ruin this app: F&O Trap: The F&O section has an ""Activate"" button with zero confirmation popups. One misclick triggers 24hr activation with no cancel option. Broken Segments: After misclicking, all segment checkboxes stayed ticked. Even after calling support to deactivate, the UI never updated, causing confusion. Sync Issues: Backend states fail to sync, hurting trust.",2026-09-10,en
play-f8aa7eb83aece5d6,play,1.0,,very bed sarvice poor sarver order not cancel soo bed sarvice customer care not responding any query don't trust this application avoid this application,2026-09-10,en
play-313c122f7e5cc882,play,1.0,,bad service and app refresh time too hang every time my self 😞 one i saw my profit 1.3k up after few minutes then I it's zero oo but Everytime frees automatic update not working.,2026-09-10,en
play-0e75d2e46038109e,play,1.0,,stock is being stuck and due to the same is being losses to customer,2026-09-10,en
play-24b8f58d43c35925,play,1.0,,itne bade Wale chore frauds scamsters or thieves ho ap log k kya hi batau ..? tum log external charges k naam par... itni chori krte ho na k kya hi btau...??? mere chote se profit pe bhi 600₹ external tax k naam par kar liya tum logon ne... tabhi toh tum badi badi posts walo k bache tedhe medhe or handicapped ya apang paida hote h... jab shraap lete ho Brahmins ka tum log...🥺,2026-09-10,en
play-42c1936921fe013f,play,5.0,,my app is AI option is not show,2026-09-10,en
play-a1e745a429f6395a,play,4.0,,"Pls Pls Pls make it possible to change the timeline in Sector Trending Today Page. Only 1 day change can be seen, make it 3/6 months and one year also, so that one can make decisions more accurately and timely. Consider this as urgent n necessary Switching Account is not happening, not even logging out @10/09/2026",2026-09-10,en
play-efeacecb798da1ee,play,1.0,,"worst customer support, no one responds properly. takes 1 hour to reply that they will look into the issue shortly and then provide some trash solution and immediately close the chat",2026-09-10,en
play-c3c4d0607f8e9650,play,4.0,,"Feature Request: Add Application Number and IPO Name in UPI Mandate Descriptions When applying for IPOs, the incoming UPI mandate requests on banking/UPI apps (Google Pay, PhonePe, BHIM, Paytm) often show generic merchant names or lack clear descriptions. ​When applying for multiple IPOs or using multiple accounts, it becomes difficult to identify which mandate belongs to which application. 10/9/2026 are you take any action for my suggestions???",2026-09-10,en
play-470c5fb0aeeee774,play,1.0,,previously its a good app. after updates its showing so many errors,2026-09-10,en
play-722d2221bad8371e,play,4.0,,its excellent platform & very user friendly. complete solution in one app,2026-09-10,en
play-29951cde7b29b447,play,5.0,,best simple application for trading shares over any application.. I prefer only groww thank you for this simple UI,2026-09-10,en
play-57a0485e13d1ca8d,play,5.0,,thank you Groww for supporting struggling traders like us... we have a low capital now a days but one day we must make crores with your technical support.. thanks a lot 🙏❤️,2026-09-10,en
play-e054129b45875e05,play,1.0,,this app is so bad it is showing my account is on KYC hold but I already did buy and sell. It says it will be fixed after 2 days but now it has not fixed yet,2026-09-10,en
play-234d8647b1a7be59,play,5.0,,It's my first experience investing via Groww and expect better opportunities in the future. Let's see what the future holds!,2026-09-10,en
play-39cdbdef08c5cb78,play,1.0,,Back button hiding issu on charts Dont hide back button,2026-09-10,en
play-a655e03320eede57,play,5.0,,chart hanging fix it otherwise I will uninstall this app,2026-09-10,en
play-3c04c2b106d479c5,play,5.0,,"Groww is a very good and user-friendly app for investing and trading. The interface is simple, easy to understand, and smooth to use. It is especially helpful for beginners. Overall, I am very happy with the Groww app and would recommend it to others.",2026-09-10,en
play-5b86867710039f89,play,4.0,,this app is very best broker in the world,2026-09-10,en
play-9f4a32f5d23b859c,play,5.0,,this app good working. and and personal easy. all option available for investments,2026-09-10,en
play-4b7a3fe6b3362c2f,play,3.0,,Please add a Fund Size option to show whether the fund size is going up or down over time. A simple chart would be very helpful. 👍,2026-09-10,en
play-5c9b87cc916d9e2b,play,1.0,,don't show this chutiya app on YouTube. fed up with your faltu addds,2026-09-09,en
play-ac0e29ce4f6120d3,play,1.0,,People invest and deal with charts in the stock market and the weakest thing in this app is charts don't show and mean what charts must be doing.,2026-09-09,en
play-39f1b92b94962465,play,5.0,,thank you for sending me this nice gift.,2026-09-09,en
play-ae1b25bb1a1a8073,play,5.0,,A very good and smooth app. The new features added and Ui improvements have made life easier. Good going. 👍,2026-09-09,en
play-0fec294675b456ee,play,5.0,,"It's a really good app ,but bruh pls fix the ai it's dumb asf",2026-09-09,en
play-8ba0cd7a86466f3a,play,4.0,,"Needs to work on more filters and UI list to help investors to pick the right stock of their interest like other apps. For muslim to find Sharia Compliant stock , similar to a Jain they need Satvik filter or if we need to pick some stock which have 1.Low Debt to Asset , 2.High Profit margin stock 3.Latest trending AI, Semiconductor, Energy for Data center * Can we Add Debt to Asset for Manufacturing/Infra Company * Debt to 12 Month Avg Market Valuation ratio for Service based companies.",2026-09-09,en
play-55a4a07287eb70a8,play,5.0,,"this is good to buy stocks ,but some problems are there more brokerage charges are getting.",2026-09-09,en
play-858cd4686df5686d,play,5.0,,It has been half a decade with groww started an investing journey from 2020 a great experience with no technical glitches or any other bad experience I have faced till now I liked the App easy users interface and other features over all 10/10,2026-09-09,en
play-67f3c59e32ac6120,play,2.0,,Groww has very poor customer support and always busy customer staff they don't listen so it is better to change your broker I just mailed them today to send me exit formalities I was a member from 4 years and tested it all way,2026-09-09,en
play-0d6c6efec4215edc,play,5.0,,"Good, but withdrawal money from the app should be faster",2026-09-09,en
play-4037f18c607eb52b,play,1.0,,"I am using since a long but now it's not working properly, it's like as buffering, so I wants to switch another aplication",2026-09-09,en
play-f8fef52f9d707f32,play,1.0,,Update you language ASK GR1 for hindi language as well it understand only English 😡,2026-09-09,en
play-1d11f64d42520036,play,5.0,,very good app for trading all types but one issue global market missing,2026-09-09,en
play-d4173e8ba3f956d7,play,5.0,,good initial traders..Very simple and unique dashboards,2026-09-09,en
play-88abc66b1deb389b,play,1.0,,"worst app, i can't even reactive my account after 1 year of investing, now i can't invest more",2026-09-09,en
play-920330d69977b5ec,play,5.0,,"on the special aap for trading investment and mutual funds, SIP and more plan",2026-09-09,en
play-84bf1fece76bd510,play,1.0,,Very bad support either it is chat or call. They say wait time is 3 minutes. However no agent for long 20 minutes.,2026-09-09,en
play-92db51ec299acd8b,play,4.0,,"I've been using this app for two years. Everything's working fine, but its processing speed is very slow and needs some adjustments. Whenever I want to redeem money, it takes five days for the money to be credited. Change this a bit, Groove! Only then can you increase your customer base. Reduce the redemption time from five days to two days.",2026-09-09,en
play-88e42e7f123db3bc,play,1.0,,The UI is user friendly but the functioning of the app is very poor it gets lagged when important trades are taken..........worst app to trade in or invest in.,2026-09-09,en
play-697de057dcf8625e,play,5.0,,excellent this is the best Dmat compare to other Dmat account's,2026-09-09,en
play-fbd1c40ec72ae545,play,1.0,,no customer support and the charge are much more then they mention,2026-09-09,en
play-d7feb94f23bc1929,play,1.0,,my indicator was reset. 3rd time this happened.,2026-09-09,en
play-c7413212feccf658,play,5.0,,fentastic over all review is 5 star ⭐ rating,2026-09-09,en
play-7c778e7687c2d098,play,3.0,,Newly implemented AI is not working as I'm not able to apply. then what's the use of apply button,2026-09-09,en
play-1e4107b7934588d2,play,3.0,,"it's good overall, but I'm still waiting for the GMP option.",2026-09-09,en
play-92f4b486355bf1e8,play,1.0,,worst experience zero knowledge for costumer service team they don't even respond your stocks will get missed and loss becomes higher and higher when you get profit will have heavy deduction and the amount will miss directly if you ask in costumer care they don't even respond properly plz don't even install this address totally scam. plz be far from apps like this. thankyou.,2026-09-09,en
play-8a9341bea4802a28,play,5.0,,"One of the best trading applications I have ever used , customer friendly",2026-09-09,en
play-1a7e6e6f6aaa34e2,play,1.0,,"Lately I did three day trades with quantities varying from 1 to 5 and the brokerage that Groww charges is 10 to 12 rs on profits of 14 to 16 rs. I remember having a 14 rs gain of which I was only left with a net gain of 1 rs after brokerage, taxes and other charges. Definitely won't recommend when brokerage charges are so high.",2026-09-09,en
play-4efd33300c7fc13f,play,3.0,,"Cumulative investing is not easy to track when investors have multiple financial goals. It would be great if the app introduced goal-wise trackers with sub-divisions for goals like retirement, education, wealth creation, etc. This would make portfolio tracking much easier and more convenient. Hope you consider this in the next update!",2026-09-08,en
play-bca7c7d4a231baf9,play,1.0,,"In My Life the Biggest Mistake took place 2 years ago and till now because of that, I lost several lakhs to recover that loss and it's all because of groww app was not connecting to the server. In the last two years what I lost is not money, I lost my mom's hope and dreams, she never lost belief in me. But she cried for the first time in my life, not because of money, because I lied her to not hurt. I guarantee you, I will not leave you, this much easily. U will lose bigger than that",2026-09-08,en
play-7eb0ffacd92ccab5,play,3.0,,it's very easy to use the app even for beginners but it doesn't have trailing stoploss for equity delivery trades and charges for 20 rs for every sell order. It will be great if the concerns are sorted,2026-09-08,en
